,B_interactions_count,B_unique_id,A_interactions_count,A_unique_id,A_follower_count,A_following_count,A_listed_count,A_mentions_received,A_retweets_received,A_mentions_sent,A_retweets_sent,A_posts,A_network_feature_1,A_network_feature_2,A_network_feature_3,B_follower_count,B_following_count,B_listed_count,B_mentions_received,B_retweets_received,B_mentions_sent,B_retweets_sent,B_posts,B_network_feature_1,B_network_feature_2,B_network_feature_3,Choice,A_community,B_community,A_L_community,A_M_community,A_S_community,A_XS_community,B_L_community,B_M_community,B_S_community,B_XS_community
20,1,18,5,344,352126,499,4428,476.925046137,201.19920615,6.7102808036,0.10050335853499999,7.97454850173,1881,54.199580932399996,4991.58983761,35420121,136440,243073,33169.806819,6627.82220971,0.10050335853499999,0.10050335853499999,0.10050335853499999,54819,17.6760845853,2006.1760494000002,0,7,7,0,1,0,0,0,1,0,0
28,39,23,39,245,57840,27137,5245,271.759860328,35.9558041591,13.0793877781,0.10050335853499999,12.6428812457,890,294.170731707,8733.9767184,158467,154157,1590,299.60787906,80.1902863889,0.10050335853499999,0.10050335853499999,0.10050335853499999,791,122.25280199299999,11514.8119552,1,1,1,0,1,0,0,0,1,0,0
109,4,90,6,477,1424824,338,6096,462.507298936,135.30412199399998,0.334765666801,0.334765666801,0.334765666801,1732,43.962307253,5992.77898344,6061284,24,41017,410.052992763,36.803758622800004,0.10050335853499999,0.10050335853499999,0.10050335853499999,1716,21.0346620451,1734.6129405000001,0,7,7,0,1,0,0,0,1,0,0
149,10,116,39,281,725,645,44,4.10829871077,0.709693061502,1.56890938185,0.834706370192,1.83266497678,15,128.8,2381.46666667,100,201,7,0.35184014387100004,0.10050335853499999,0.35184014387100004,0.10050335853499999,0.35184014387100004,1,29.0,469.0,1,1,1,0,1,0,0,0,1,0,0
156,4,121,6,383,6375552,813,13024,12873.6009322,4515.51517633,1.03520996852,0.10050335853499999,2.03903709968,28917,9.79993143641,1988.04748029,10422587,147,98965,1892.91438777,678.010953505,0.8424973786229999,0.10050335853499999,0.8424973786229999,7979,37.135768945900004,2639.14082942,0,7,7,0,1,0,0,0,1,0,0
213,28,67,39,23,158467,154157,1590,299.60787906,80.1902863889,0.10050335853499999,0.10050335853499999,0.10050335853499999,791,122.25280199299999,11514.8119552,48777,858,1236,247.238745401,74.1034922474,3.0316956547900005,1.81674611367,21.1756960799,997,32.902777777800004,1871.07142857,0,1,1,0,1,0,0,0,1,0,0
249,10,165,1,805,414,1134,16,0.765638336868,0.10050335853499999,0.349326776018,0.10050335853499999,0.349326776018,3,670.0,22625.3333333,1257,318,67,12.127098736199999,3.97380327177,1.7961257947999998,0.10050335853499999,1.7961257947999998,52,591.811320755,8903.66037736,1,1,1,0,1,0,0,0,1,0,0
272,7,175,7,325,1268,933,48,3.31007533733,0.9337591884469999,1.054823201,0.10050335853499999,1.8068225365400001,14,181.133333333,2256.4,591,401,16,3.05168166273,1.26297246306,1.13206858891,0.10050335853499999,1.11987376563,12,107.166666667,14013.416666699999,0,1,1,0,1,0,0,0,1,0,0
293,5,182,4,507,3317868,58,58670,4181.19036583,2200.00702641,18.3799704838,13.867152253699999,31.7927874243,13291,24.4464963884,1476.28095912,2662235,824,74528,4477.89835361,1748.8717325999999,16.424706171700002,0.10050335853499999,16.671041355,14301,57.81867108260001,2274.40184917,0,7,7,0,1,0,0,0,1,0,0
314,34,53,34,0,34463,29808,1689,15.4304976173,3.9840288048900003,8.204331198450001,0.332423043719,6.988814956789999,66,75.5303030303,1916.89393939,3638,3341,85,2.7935772010699997,1.40270262958,2.5940892676900003,0.5981501935010001,3.80214341589,11,9.416666666669999,489.08333333300004,1,1,1,0,1,0,0,0,1,0,0
334,5,197,9,317,1780218,2,42873,1876.31019123,1294.35747311,2.59369129475,1.8034653736400001,4.84031726425,5373,67.329281768,3894.4985266999997,6499799,899,8841,5568.42989585,1625.21049665,0.10050335853499999,0.10050335853499999,0.854513714544,20223,9.164157071150001,2100.28260014,1,7,7,0,1,0,0,0,1,0,0
359,8,205,10,165,1257,318,67,12.127098736199999,3.97380327177,1.7961257947999998,0.10050335853499999,1.7961257947999998,52,591.811320755,8903.66037736,805,589,26,7.7559294769800005,1.87391771562,3.13420307907,0.367462556237,1.84368200433,29,94.0689655172,1810.55172414,0,1,1,0,1,0,0,0,1,0,0
361,3,206,4,398,3042715,3811,32579,1951.52822645,890.613211633,1.3725736842200005,0.10050335853499999,2.88107706749,7855,33.0857468066,2423.98912356,5694566,389,80794,2435.21624762,186.749343094,0.10050335853499999,0.10050335853499999,0.606481338266,9162,123.101232966,8112.89271036,1,7,7,0,1,0,0,0,1,0,0
422,4,226,4,679,1891961,302,56637,1595.79523221,808.3039285230002,2.4765417522099997,1.0518461562,7.4628849399399995,5950,66.6419098143,2917.68252653,6839015,968,47559,3488.25146245,566.630976996,21.5080088919,5.66092695152,15.68925138,14107,41.6713914813,5188.99270227,1,7,7,0,1,0,0,0,1,0,0
436,44,68,28,202,108768,57,62,0.762978430716,0.306073458935,3.6119396486900004,3.3705065355299997,10.6005015388,3,7.333333333330001,1022.33333333,3525,3115,131,0.10050335853499999,0.10050335853499999,0.10050335853499999,0.10050335853499999,0.10050335853499999,0,0.0,0.0,1,1,1,0,1,0,0,0,1,0,0
451,34,151,44,68,3525,3115,131,0.10050335853499999,0.10050335853499999,0.10050335853499999,0.10050335853499999,0.10050335853499999,0,0.0,0.0,3081505,119234,316,19.1730199185,9.94951080322,0.10050335853499999,0.10050335853499999,0.10050335853499999,66,55.641791044799994,17588.0597015,0,1,1,0,1,0,0,0,1,0,0
513,8,250,1,821,6777,344,315,1.9240426333099998,0.588641207545,2.06205255317,1.07626390763,1.3301394483700002,7,58.25,1299.5,5629637,51683,54624,4894.901216300002,2375.07856014,5.949829394269999,0.862666017566,6.8394630118499995,20125,17.2368421053,1353.64647653,0,7,7,0,1,0,0,0,1,0,0
522,10,116,10,165,1257,318,67,12.127098736199999,3.97380327177,1.7961257947999998,0.10050335853499999,1.7961257947999998,52,591.811320755,8903.66037736,100,201,7,0.35184014387100004,0.10050335853499999,0.35184014387100004,0.10050335853499999,0.35184014387100004,1,29.0,469.0,0,1,1,0,1,0,0,0,1,0,0
664,39,23,38,97,119001,119704,2266,63.6032615837,17.010681516,11.232851900899998,0.10050335853499999,6.62889672446,206,167.913043478,6161.917874399999,158467,154157,1590,299.60787906,80.1902863889,0.10050335853499999,0.10050335853499999,0.10050335853499999,791,122.25280199299999,11514.8119552,1,1,1,0,1,0,0,0,1,0,0
696,5,288,5,282,948551,75,4994,5738.81759374,3738.22521768,15.7845956254,3.5944744739099996,32.2224096489,20589,12.6059559776,1276.81225723,181963,208,1691,448.576177818,94.95039974049999,2.0943309954799996,0.35694329868,2.09679333178,1541,92.7926356589,9996.16343669,1,7,7,0,1,0,0,0,1,0,0
728,10,116,1,840,926,164,64,0.359533601106,0.10050335853499999,0.35184014387100004,0.10050335853499999,0.35184014387100004,1,32.0,681.0,100,201,7,0.35184014387100004,0.10050335853499999,0.35184014387100004,0.10050335853499999,0.35184014387100004,1,29.0,469.0,1,1,1,0,1,0,0,0,1,0,0
781,39,281,7,175,591,401,16,3.05168166273,1.26297246306,1.13206858891,0.10050335853499999,1.11987376563,12,107.166666667,14013.416666699999,725,645,44,4.10829871077,0.709693061502,1.56890938185,0.834706370192,1.83266497678,15,128.8,2381.46666667,0,1,1,0,1,0,0,0,1,0,0
784,34,0,39,245,57840,27137,5245,271.759860328,35.9558041591,13.0793877781,0.10050335853499999,12.6428812457,890,294.170731707,8733.9767184,34463,29808,1689,15.4304976173,3.9840288048900003,8.204331198450001,0.332423043719,6.988814956789999,66,75.5303030303,1916.89393939,1,1,1,0,1,0,0,0,1,0,0
786,10,116,11,447,3524,1881,14,0.957114177058,0.10050335853499999,0.10050335853499999,0.10050335853499999,0.10050335853499999,4,85.0,1942.75,100,201,7,0.35184014387100004,0.10050335853499999,0.35184014387100004,0.10050335853499999,0.35184014387100004,1,29.0,469.0,1,1,1,0,1,0,0,0,1,0,0
790,34,156,44,68,3525,3115,131,0.10050335853499999,0.10050335853499999,0.10050335853499999,0.10050335853499999,0.10050335853499999,0,0.0,0.0,1140,927,69,0.577496611666,0.10050335853499999,0.341936471695,0.10050335853499999,0.341936471695,2,14.5,1206.5,0,1,1,0,1,0,0,0,1,0,0
825,9,317,3,589,1271386,7081,9041,847.474867563,178.781710136,2.27406036057,0.10050335853499999,1.30552262313,3063,37.8702860858,4686.50650195,1780218,2,42873,1876.31019123,1294.35747311,2.59369129475,1.8034653736400001,4.84031726425,5373,67.329281768,3894.4985266999997,0,7,7,0,1,0,0,0,1,0,0
828,4,318,1,848,1981,569,72,1.15835249306,0.341936471695,0.33713195274400004,0.33713195274400004,0.33713195274400004,5,7.8,496.2,561,477,39,4.0922921005,0.804952341821,1.65230436544,0.6134091418500001,2.14851365635,15,187.6,2984.6,0,1,1,0,1,0,0,0,1,0,0
880,7,325,7,175,591,401,16,3.05168166273,1.26297246306,1.13206858891,0.10050335853499999,1.11987376563,12,107.166666667,14013.416666699999,1268,933,48,3.31007533733,0.9337591884469999,1.054823201,0.10050335853499999,1.8068225365400001,14,181.133333333,2256.4,0,1,1,0,1,0,0,0,1,0,0
887,8,326,5,344,352126,499,4428,476.925046137,201.19920615,6.7102808036,0.10050335853499999,7.97454850173,1881,54.199580932399996,4991.58983761,3171023,5171,31522,1111.08266816,405.552681196,4.85048632535,0.10050335853499999,4.40149608514,4951,19.441874028,2256.54024106,0,7,7,0,1,0,0,0,1,0,0
921,5,334,5,344,352126,499,4428,476.925046137,201.19920615,6.7102808036,0.10050335853499999,7.97454850173,1881,54.199580932399996,4991.58983761,1612720,285,13630,684.100935994,93.6213603611,0.10050335853499999,0.10050335853499999,0.10050335853499999,2638,66.5844009043,3358.48455162,1,7,7,0,1,0,0,0,1,0,0
923,34,156,38,97,119001,119704,2266,63.6032615837,17.010681516,11.232851900899998,0.10050335853499999,6.62889672446,206,167.913043478,6161.917874399999,1140,927,69,0.577496611666,0.10050335853499999,0.341936471695,0.10050335853499999,0.341936471695,2,14.5,1206.5,1,1,1,0,1,0,0,0,1,0,0
958,32,233,34,53,3638,3341,85,2.7935772010699997,1.40270262958,2.5940892676900003,0.5981501935010001,3.80214341589,11,9.416666666669999,489.08333333300004,5922518,483,7594,65758.403536,32054.0555967,1.61241011026,0.10050335853499999,2.63160675438,187674,6.01569385268,1199.63681206,0,1,1,0,1,0,0,0,1,0,0
988,28,67,34,53,3638,3341,85,2.7935772010699997,1.40270262958,2.5940892676900003,0.5981501935010001,3.80214341589,11,9.416666666669999,489.08333333300004,48777,858,1236,247.238745401,74.1034922474,3.0316956547900005,1.81674611367,21.1756960799,997,32.902777777800004,1871.07142857,0,1,1,0,1,0,0,0,1,0,0
1007,5,344,1,18,35420121,136440,243073,33169.806819,6627.82220971,0.10050335853499999,0.10050335853499999,0.10050335853499999,54819,17.6760845853,2006.1760494000002,352126,499,4428,476.925046137,201.19920615,6.7102808036,0.10050335853499999,7.97454850173,1881,54.199580932399996,4991.58983761,1,7,7,0,1,0,0,0,1,0,0
1019,6,346,4,562,6085071,67,30758,10357.2451628,5215.95304747,0.10050335853499999,0.10050335853499999,0.10050335853499999,32871,10.018526278,930.1526996289999,2208080,240,39725,1404.43630441,431.10394468,2.59674867699,0.10050335853499999,5.55949044865,5748,75.8785529716,2812.66856158,0,7,7,0,1,0,0,0,1,0,0
1093,9,317,4,679,1891961,302,56637,1595.79523221,808.3039285230002,2.4765417522099997,1.0518461562,7.4628849399399995,5950,66.6419098143,2917.68252653,1780218,2,42873,1876.31019123,1294.35747311,2.59369129475,1.8034653736400001,4.84031726425,5373,67.329281768,3894.4985266999997,1,7,7,0,1,0,0,0,1,0,0
1098,39,245,32,233,5922518,483,7594,65758.403536,32054.0555967,1.61241011026,0.10050335853499999,2.63160675438,187674,6.01569385268,1199.63681206,57840,27137,5245,271.759860328,35.9558041591,13.0793877781,0.10050335853499999,12.6428812457,890,294.170731707,8733.9767184,1,1,1,0,1,0,0,0,1,0,0
1102,2,357,1,871,44877,678,2289,275.577734723,177.04832002700005,6.78589406388,0.84979013175,9.82633222875,1035,54.2662835249,1410.49712644,19209,824,871,66.4753814755,9.17710465637,0.10050335853499999,0.10050335853499999,0.10050335853499999,255,230.992156863,9439.76862745,0,1,1,0,1,0,0,0,1,0,0
1103,5,344,8,326,3171023,5171,31522,1111.08266816,405.552681196,4.85048632535,0.10050335853499999,4.40149608514,4951,19.441874028,2256.54024106,352126,499,4428,476.925046137,201.19920615,6.7102808036,0.10050335853499999,7.97454850173,1881,54.199580932399996,4991.58983761,1,7,7,0,1,0,0,0,1,0,0
1126,9,317,6,346,2208080,240,39725,1404.43630441,431.10394468,2.59674867699,0.10050335853499999,5.55949044865,5748,75.8785529716,2812.66856158,1780218,2,42873,1876.31019123,1294.35747311,2.59369129475,1.8034653736400001,4.84031726425,5373,67.329281768,3894.4985266999997,0,7,7,0,1,0,0,0,1,0,0
1127,31,192,38,97,119001,119704,2266,63.6032615837,17.010681516,11.232851900899998,0.10050335853499999,6.62889672446,206,167.913043478,6161.917874399999,3893,1059,168,3.26047330814,1.051286304,1.10082376417,0.10050335853499999,1.10082376417,15,95.8,2188.73333333,0,1,1,0,1,0,0,0,1,0,0
1213,3,367,2,877,4901,1313,215,14.8206194573,2.61160130778,0.89337217571,0.10050335853499999,0.626439673928,63,54.53125,1619.140625,6029,3353,297,19.6604471469,7.21535721748,7.034633095569999,0.354378899279,10.3401077893,55,64.649122807,2148.42105263,1,7,7,0,1,0,0,0,1,0,0
1214,39,281,31,192,3893,1059,168,3.26047330814,1.051286304,1.10082376417,0.10050335853499999,1.10082376417,15,95.8,2188.73333333,725,645,44,4.10829871077,0.709693061502,1.56890938185,0.834706370192,1.83266497678,15,128.8,2381.46666667,0,1,1,0,1,0,0,0,1,0,0
1268,26,108,28,67,48777,858,1236,247.238745401,74.1034922474,3.0316956547900005,1.81674611367,21.1756960799,997,32.902777777800004,1871.07142857,21,193,0,0.10050335853499999,0.10050335853499999,0.10050335853499999,0.10050335853499999,0.35184014387100004,0,0.0,0.0,1,1,1,0,1,0,0,0,1,0,0
1278,8,250,4,679,1891961,302,56637,1595.79523221,808.3039285230002,2.4765417522099997,1.0518461562,7.4628849399399995,5950,66.6419098143,2917.68252653,5629637,51683,54624,4894.901216300002,2375.07856014,5.949829394269999,0.862666017566,6.8394630118499995,20125,17.2368421053,1353.64647653,0,7,7,0,1,0,0,0,1,0,0
1288,32,233,5,574,2632007,5,37841,557.7292406319999,195.41768999599998,0.10050335853499999,0.10050335853499999,0.10050335853499999,2391,62.3338802297,3537.85931091,5922518,483,7594,65758.403536,32054.0555967,1.61241011026,0.10050335853499999,2.63160675438,187674,6.01569385268,1199.63681206,0,7,1,0,1,0,0,0,1,0,0
1297,1,377,4,456,2045,2141,130,1.8334189963599998,0.10050335853499999,0.10050335853499999,0.10050335853499999,0.354378899279,7,135.285714286,2754.28571429,2062,650,269,5.81398787552,0.857608790377,1.29665406177,0.10050335853499999,1.7876039895200002,20,68.85,2221.35,0,7,7,0,1,0,0,0,1,0,0
1306,8,205,10,116,100,201,7,0.35184014387100004,0.10050335853499999,0.35184014387100004,0.10050335853499999,0.35184014387100004,1,29.0,469.0,805,589,26,7.7559294769800005,1.87391771562,3.13420307907,0.367462556237,1.84368200433,29,94.0689655172,1810.55172414,0,1,1,0,1,0,0,0,1,0,0
1355,6,383,8,322,3742349,58111,29109,1337.14689048,275.658602722,8.41601221535,1.55952189384,4.2960589952599975,3682,43.9570585078,5128.20236178,6375552,813,13024,12873.6009322,4515.51517633,1.03520996852,0.10050335853499999,2.03903709968,28917,9.79993143641,1988.04748029,1,7,7,0,1,0,0,0,1,0,0
1359,31,192,34,156,1140,927,69,0.577496611666,0.10050335853499999,0.341936471695,0.10050335853499999,0.341936471695,2,14.5,1206.5,3893,1059,168,3.26047330814,1.051286304,1.10082376417,0.10050335853499999,1.10082376417,15,95.8,2188.73333333,0,1,1,0,1,0,0,0,1,0,0
1362,39,245,41,52,220242,357,1062,452.547280711,140.0075344,13.439022061,3.04369326436,13.647982006600001,1796,13.6619178082,1375.80767123,57840,27137,5245,271.759860328,35.9558041591,13.0793877781,0.10050335853499999,12.6428812457,890,294.170731707,8733.9767184,1,1,1,0,1,0,0,0,1,0,0
1379,39,245,34,151,3081505,119234,316,19.1730199185,9.94951080322,0.10050335853499999,0.10050335853499999,0.10050335853499999,66,55.641791044799994,17588.0597015,57840,27137,5245,271.759860328,35.9558041591,13.0793877781,0.10050335853499999,12.6428812457,890,294.170731707,8733.9767184,1,1,1,0,1,0,0,0,1,0,0
1389,6,391,1,890,667,50,31,0.560288084297,0.10050335853499999,0.10050335853499999,0.10050335853499999,0.596412376469,2,61.5,1013.5,583476,13020,13349,5679.00389724,59.4989889042,2.6945728042400003,0.10050335853499999,1.37791259595,8003,83.6537041595,4997.22532611,1,1,1,0,1,0,0,0,1,0,0
1406,41,52,44,68,3525,3115,131,0.10050335853499999,0.10050335853499999,0.10050335853499999,0.10050335853499999,0.10050335853499999,0,0.0,0.0,220242,357,1062,452.547280711,140.0075344,13.439022061,3.04369326436,13.647982006600001,1796,13.6619178082,1375.80767123,0,1,1,0,1,0,0,0,1,0,0
1420,1,394,3,893,5502,688,286,20.679215410999998,7.731097940810001,5.23337696437,1.6134043381299998,5.22470256888,87,151.25287356299998,3420.40229885,9504,2170,212,1.0135000828299998,0.541609984506,0.10050335853499999,0.10050335853499999,0.10050335853499999,3,92.6666666667,4235.66666667,1,7,7,0,1,0,0,0,1,0,0
1460,39,281,28,202,108768,57,62,0.762978430716,0.306073458935,3.6119396486900004,3.3705065355299997,10.6005015388,3,7.333333333330001,1022.33333333,725,645,44,4.10829871077,0.709693061502,1.56890938185,0.834706370192,1.83266497678,15,128.8,2381.46666667,0,1,1,0,1,0,0,0,1,0,0
1467,4,398,6,477,1424824,338,6096,462.507298936,135.30412199399998,0.334765666801,0.334765666801,0.334765666801,1732,43.962307253,5992.77898344,3042715,3811,32579,1951.52822645,890.613211633,1.3725736842200005,0.10050335853499999,2.88107706749,7855,33.0857468066,2423.98912356,0,7,7,0,1,0,0,0,1,0,0
1491,5,197,8,322,3742349,58111,29109,1337.14689048,275.658602722,8.41601221535,1.55952189384,4.2960589952599975,3682,43.9570585078,5128.20236178,6499799,899,8841,5568.42989585,1625.21049665,0.10050335853499999,0.10050335853499999,0.854513714544,20223,9.164157071150001,2100.28260014,1,7,7,0,1,0,0,0,1,0,0
1554,1,409,10,116,100,201,7,0.35184014387100004,0.10050335853499999,0.35184014387100004,0.10050335853499999,0.35184014387100004,1,29.0,469.0,425,528,6,2.66394482167,0.48287574124899996,3.0209241193700005,0.591007493487,1.81098010224,9,12.5555555556,1653.33333333,1,1,1,0,1,0,0,0,1,0,0
1594,6,383,8,560,2307845,329,12580,530.084862239,189.947738868,4.8277204846599995,0.10050335853499999,3.13044656228,2164,80.9147675479,9278.51230629,6375552,813,13024,12873.6009322,4515.51517633,1.03520996852,0.10050335853499999,2.03903709968,28917,9.79993143641,1988.04748029,1,7,7,0,1,0,0,0,1,0,0
1633,34,151,29,86,65264,956,2672,226.76354990599998,72.1454053207,3.78166453239,2.0479372421599997,3.0637191964999997,887,68.7081930415,1766.30751964,3081505,119234,316,19.1730199185,9.94951080322,0.10050335853499999,0.10050335853499999,0.10050335853499999,66,55.641791044799994,17588.0597015,1,1,1,0,1,0,0,0,1,0,0
1664,1,417,3,206,5694566,389,80794,2435.21624762,186.749343094,0.10050335853499999,0.10050335853499999,0.606481338266,9162,123.101232966,8112.89271036,303,344,16,0.290192078012,0.10050335853499999,0.10050335853499999,0.10050335853499999,0.10050335853499999,1,101.0,1762.0,0,7,7,0,1,0,0,0,1,0,0
1665,38,97,32,233,5922518,483,7594,65758.403536,32054.0555967,1.61241011026,0.10050335853499999,2.63160675438,187674,6.01569385268,1199.63681206,119001,119704,2266,63.6032615837,17.010681516,11.232851900899998,0.10050335853499999,6.62889672446,206,167.913043478,6161.917874399999,1,1,1,0,1,0,0,0,1,0,0
1679,4,270,7,175,591,401,16,3.05168166273,1.26297246306,1.13206858891,0.10050335853499999,1.11987376563,12,107.166666667,14013.416666699999,187,751,2,2.59096857076,0.279091522488,2.0276285503400002,0.332423043719,1.0652372659799998,11,17.0,345.09090909099996,1,1,1,0,1,0,0,0,1,0,0
1690,8,326,5,282,948551,75,4994,5738.81759374,3738.22521768,15.7845956254,3.5944744739099996,32.2224096489,20589,12.6059559776,1276.81225723,3171023,5171,31522,1111.08266816,405.552681196,4.85048632535,0.10050335853499999,4.40149608514,4951,19.441874028,2256.54024106,0,7,7,0,1,0,0,0,1,0,0
1725,7,325,10,116,100,201,7,0.35184014387100004,0.10050335853499999,0.35184014387100004,0.10050335853499999,0.35184014387100004,1,29.0,469.0,1268,933,48,3.31007533733,0.9337591884469999,1.054823201,0.10050335853499999,1.8068225365400001,14,181.133333333,2256.4,1,1,1,0,1,0,0,0,1,0,0
1819,29,86,39,23,158467,154157,1590,299.60787906,80.1902863889,0.10050335853499999,0.10050335853499999,0.10050335853499999,791,122.25280199299999,11514.8119552,65264,956,2672,226.76354990599998,72.1454053207,3.78166453239,2.0479372421599997,3.0637191964999997,887,68.7081930415,1766.30751964,0,1,1,0,1,0,0,0,1,0,0
1850,7,175,11,447,3524,1881,14,0.957114177058,0.10050335853499999,0.10050335853499999,0.10050335853499999,0.10050335853499999,4,85.0,1942.75,591,401,16,3.05168166273,1.26297246306,1.13206858891,0.10050335853499999,1.11987376563,12,107.166666667,14013.416666699999,0,1,1,0,1,0,0,0,1,0,0
1907,33,65,39,281,725,645,44,4.10829871077,0.709693061502,1.56890938185,0.834706370192,1.83266497678,15,128.8,2381.46666667,5941,1615,278,39.5895711782,3.8664530784199993,1.51595307118,0.10050335853499999,1.28169076292,116,63.9915254237,2503.94915254,1,1,1,0,1,0,0,0,1,0,0
1915,1,448,3,726,2517,594,95,3.68772031105,0.280895443336,1.3987111726299999,0.10050335853499999,1.13706446296,15,311.2,11618.266666700001,662,997,8,0.593198607493,0.10050335853499999,1.0688445130600002,0.10050335853499999,3.2981120285400003,2,599.5,10601.0,1,7,7,0,1,0,0,0,1,0,0
1919,9,317,1,933,2289,2,99,0.32553479714899997,0.32553479714899997,0.10050335853499999,0.10050335853499999,2.77712646975,1,0.0,30.0,1780218,2,42873,1876.31019123,1294.35747311,2.59369129475,1.8034653736400001,4.84031726425,5373,67.329281768,3894.4985266999997,0,7,7,0,1,0,0,0,1,0,0
1936,6,391,1,937,91,170,5,0.316667660592,0.10050335853499999,0.605766716163,0.605766716163,0.605766716163,1,1.0,199.0,583476,13020,13349,5679.00389724,59.4989889042,2.6945728042400003,0.10050335853499999,1.37791259595,8003,83.6537041595,4997.22532611,0,1,1,0,1,0,0,0,1,0,0
1940,34,156,29,86,65264,956,2672,226.76354990599998,72.1454053207,3.78166453239,2.0479372421599997,3.0637191964999997,887,68.7081930415,1766.30751964,1140,927,69,0.577496611666,0.10050335853499999,0.341936471695,0.10050335853499999,0.341936471695,2,14.5,1206.5,1,1,1,0,1,0,0,0,1,0,0
1975,1,455,10,165,1257,318,67,12.127098736199999,3.97380327177,1.7961257947999998,0.10050335853499999,1.7961257947999998,52,591.811320755,8903.66037736,1851,108,81,6.484266638029999,0.492461591729,1.39363681754,0.10050335853499999,1.12667761984,28,85.7857142857,1343.03571429,1,1,1,0,1,0,0,0,1,0,0
1977,4,456,1,941,107,96,3,0.10050335853499999,0.10050335853499999,0.10050335853499999,0.10050335853499999,0.334765666801,0,0.0,0.0,2045,2141,130,1.8334189963599998,0.10050335853499999,0.10050335853499999,0.10050335853499999,0.354378899279,7,135.285714286,2754.28571429,1,7,7,0,1,0,0,0,1,0,0
2023,8,322,6,477,1424824,338,6096,462.507298936,135.30412199399998,0.334765666801,0.334765666801,0.334765666801,1732,43.962307253,5992.77898344,3742349,58111,29109,1337.14689048,275.658602722,8.41601221535,1.55952189384,4.2960589952599975,3682,43.9570585078,5128.20236178,0,7,7,0,1,0,0,0,1,0,0
2087,32,233,5,344,352126,499,4428,476.925046137,201.19920615,6.7102808036,0.10050335853499999,7.97454850173,1881,54.199580932399996,4991.58983761,5922518,483,7594,65758.403536,32054.0555967,1.61241011026,0.10050335853499999,2.63160675438,187674,6.01569385268,1199.63681206,1,7,1,0,1,0,0,0,1,0,0
2133,28,67,41,52,220242,357,1062,452.547280711,140.0075344,13.439022061,3.04369326436,13.647982006600001,1796,13.6619178082,1375.80767123,48777,858,1236,247.238745401,74.1034922474,3.0316956547900005,1.81674611367,21.1756960799,997,32.902777777800004,1871.07142857,0,1,1,0,1,0,0,0,1,0,0
2153,33,65,34,151,3081505,119234,316,19.1730199185,9.94951080322,0.10050335853499999,0.10050335853499999,0.10050335853499999,66,55.641791044799994,17588.0597015,5941,1615,278,39.5895711782,3.8664530784199993,1.51595307118,0.10050335853499999,1.28169076292,116,63.9915254237,2503.94915254,0,1,1,0,1,0,0,0,1,0,0
2163,6,477,7,624,8048101,1,85858,2519.91577878,1530.02978926,0.10050335853499999,0.10050335853499999,0.332423043719,10885,21.611530417399997,3607.91997818,1424824,338,6096,462.507298936,135.30412199399998,0.334765666801,0.334765666801,0.334765666801,1732,43.962307253,5992.77898344,0,7,7,0,1,0,0,0,1,0,0
2196,1,478,8,205,805,589,26,7.7559294769800005,1.87391771562,3.13420307907,0.367462556237,1.84368200433,29,94.0689655172,1810.55172414,136906,461,1951,201.282679737,40.4689261271,12.8926851652,1.09153655454,6.0732773263699995,643,38.1907692308,3327.58461538,0,1,1,0,1,0,0,0,1,0,0
2205,2,479,2,564,126,115,3,0.528703237581,0.10050335853499999,0.10050335853499999,0.10050335853499999,0.10050335853499999,1,8.0,186.0,4308,494,105,38.5452432526,9.64488306844,14.6242718034,1.9087694183300001,11.8346098544,128,67.0534351145,4674.0610687,0,7,7,0,1,0,0,0,1,0,0
2212,8,205,2,357,19209,824,871,66.4753814755,9.17710465637,0.10050335853499999,0.10050335853499999,0.10050335853499999,255,230.992156863,9439.76862745,805,589,26,7.7559294769800005,1.87391771562,3.13420307907,0.367462556237,1.84368200433,29,94.0689655172,1810.55172414,1,1,1,0,1,0,0,0,1,0,0
2356,44,68,34,156,1140,927,69,0.577496611666,0.10050335853499999,0.341936471695,0.10050335853499999,0.341936471695,2,14.5,1206.5,3525,3115,131,0.10050335853499999,0.10050335853499999,0.10050335853499999,0.10050335853499999,0.10050335853499999,0,0.0,0.0,1,1,1,0,1,0,0,0,1,0,0
2358,5,288,7,746,1796718,284,14765,2149.65260351,140.393090952,1.0890045261799999,0.10050335853499999,2.3114954551199998,6986,44.927216086099996,2155.68819031,181963,208,1691,448.576177818,94.95039974049999,2.0943309954799996,0.35694329868,2.09679333178,1541,92.7926356589,9996.16343669,1,7,7,0,1,0,0,0,1,0,0
2365,5,182,7,746,1796718,284,14765,2149.65260351,140.393090952,1.0890045261799999,0.10050335853499999,2.3114954551199998,6986,44.927216086099996,2155.68819031,2662235,824,74528,4477.89835361,1748.8717325999999,16.424706171700002,0.10050335853499999,16.671041355,14301,57.81867108260001,2274.40184917,0,7,7,0,1,0,0,0,1,0,0
2372,6,391,10,165,1257,318,67,12.127098736199999,3.97380327177,1.7961257947999998,0.10050335853499999,1.7961257947999998,52,591.811320755,8903.66037736,583476,13020,13349,5679.00389724,59.4989889042,2.6945728042400003,0.10050335853499999,1.37791259595,8003,83.6537041595,4997.22532611,0,1,1,0,1,0,0,0,1,0,0
2404,5,334,32,233,5922518,483,7594,65758.403536,32054.0555967,1.61241011026,0.10050335853499999,2.63160675438,187674,6.01569385268,1199.63681206,1612720,285,13630,684.100935994,93.6213603611,0.10050335853499999,0.10050335853499999,0.10050335853499999,2638,66.5844009043,3358.48455162,0,1,7,0,1,0,0,0,1,0,0
2471,8,250,4,226,6839015,968,47559,3488.25146245,566.630976996,21.5080088919,5.66092695152,15.68925138,14107,41.6713914813,5188.99270227,5629637,51683,54624,4894.901216300002,2375.07856014,5.949829394269999,0.862666017566,6.8394630118499995,20125,17.2368421053,1353.64647653,0,7,7,0,1,0,0,0,1,0,0
2525,1,499,7,325,1268,933,48,3.31007533733,0.9337591884469999,1.054823201,0.10050335853499999,1.8068225365400001,14,181.133333333,2256.4,2589,878,265,11.5919448494,1.65571676982,4.7627695624,0.601724864503,7.49150956779,42,172.619047619,4747.595238100002,0,1,1,0,1,0,0,0,1,0,0
2527,8,326,4,562,6085071,67,30758,10357.2451628,5215.95304747,0.10050335853499999,0.10050335853499999,0.10050335853499999,32871,10.018526278,930.1526996289999,3171023,5171,31522,1111.08266816,405.552681196,4.85048632535,0.10050335853499999,4.40149608514,4951,19.441874028,2256.54024106,0,7,7,0,1,0,0,0,1,0,0
2554,8,250,6,346,2208080,240,39725,1404.43630441,431.10394468,2.59674867699,0.10050335853499999,5.55949044865,5748,75.8785529716,2812.66856158,5629637,51683,54624,4894.901216300002,2375.07856014,5.949829394269999,0.862666017566,6.8394630118499995,20125,17.2368421053,1353.64647653,0,7,7,0,1,0,0,0,1,0,0
2573,3,367,2,479,4308,494,105,38.5452432526,9.64488306844,14.6242718034,1.9087694183300001,11.8346098544,128,67.0534351145,4674.0610687,6029,3353,297,19.6604471469,7.21535721748,7.034633095569999,0.354378899279,10.3401077893,55,64.649122807,2148.42105263,0,7,7,0,1,0,0,0,1,0,0
2581,2,503,5,606,1528,1312,60,0.949939800767,0.288295190817,0.10050335853499999,0.10050335853499999,0.10050335853499999,3,28.6666666667,1019.0,4721,1369,282,47.2309634162,1.44647967347,4.522213532169999,1.09484096359,6.03444477752,169,149.564705882,6692.68823529,1,7,7,0,1,0,0,0,1,0,0
2622,4,507,7,746,1796718,284,14765,2149.65260351,140.393090952,1.0890045261799999,0.10050335853499999,2.3114954551199998,6986,44.927216086099996,2155.68819031,3317868,58,58670,4181.19036583,2200.00702641,18.3799704838,13.867152253699999,31.7927874243,13291,24.4464963884,1476.28095912,0,7,7,0,1,0,0,0,1,0,0
2637,11,447,1,976,1437,382,87,1.58811757594,0.9652707536059999,1.63404010363,0.354378899279,0.869849081995,7,69.0,983.857142857,3524,1881,14,0.957114177058,0.10050335853499999,0.10050335853499999,0.10050335853499999,0.10050335853499999,4,85.0,1942.75,1,1,1,0,1,0,0,0,1,0,0
2641,8,250,7,624,8048101,1,85858,2519.91577878,1530.02978926,0.10050335853499999,0.10050335853499999,0.332423043719,10885,21.611530417399997,3607.91997818,5629637,51683,54624,4894.901216300002,2375.07856014,5.949829394269999,0.862666017566,6.8394630118499995,20125,17.2368421053,1353.64647653,1,7,7,0,1,0,0,0,1,0,0
2650,4,318,11,447,3524,1881,14,0.957114177058,0.10050335853499999,0.10050335853499999,0.10050335853499999,0.10050335853499999,4,85.0,1942.75,561,477,39,4.0922921005,0.804952341821,1.65230436544,0.6134091418500001,2.14851365635,15,187.6,2984.6,0,1,1,0,1,0,0,0,1,0,0
2654,3,512,6,346,2208080,240,39725,1404.43630441,431.10394468,2.59674867699,0.10050335853499999,5.55949044865,5748,75.8785529716,2812.66856158,657021,4535,6187,640.945858955,103.354442415,2.1351367091499998,0.359533601106,1.87610646658,2453,28.3141932875,1644.85766276,1,7,7,0,1,0,0,0,1,0,0
2744,34,53,41,52,220242,357,1062,452.547280711,140.0075344,13.439022061,3.04369326436,13.647982006600001,1796,13.6619178082,1375.80767123,3638,3341,85,2.7935772010699997,1.40270262958,2.5940892676900003,0.5981501935010001,3.80214341589,11,9.416666666669999,489.08333333300004,1,1,1,0,1,0,0,0,1,0,0
2792,6,391,1,988,691,506,13,2.43361727373,0.10050335853499999,0.10050335853499999,0.10050335853499999,0.626492798808,8,27.1111111111,1463.22222222,583476,13020,13349,5679.00389724,59.4989889042,2.6945728042400003,0.10050335853499999,1.37791259595,8003,83.6537041595,4997.22532611,0,1,1,0,1,0,0,0,1,0,0
2799,1,525,3,893,5502,688,286,20.679215410999998,7.731097940810001,5.23337696437,1.6134043381299998,5.22470256888,87,151.25287356299998,3420.40229885,220,98,12,0.290192078012,0.290192078012,0.10050335853499999,0.10050335853499999,0.10050335853499999,1,20.0,355.0,0,7,7,0,1,0,0,0,1,0,0
2815,34,156,26,108,21,193,0,0.10050335853499999,0.10050335853499999,0.10050335853499999,0.10050335853499999,0.35184014387100004,0,0.0,0.0,1140,927,69,0.577496611666,0.10050335853499999,0.341936471695,0.10050335853499999,0.341936471695,2,14.5,1206.5,0,1,1,0,1,0,0,0,1,0,0
2827,38,97,41,52,220242,357,1062,452.547280711,140.0075344,13.439022061,3.04369326436,13.647982006600001,1796,13.6619178082,1375.80767123,119001,119704,2266,63.6032615837,17.010681516,11.232851900899998,0.10050335853499999,6.62889672446,206,167.913043478,6161.917874399999,1,1,1,0,1,0,0,0,1,0,0
2857,5,344,8,326,3171023,5171,31522,1111.08266816,405.552681196,4.85048632535,0.10050335853499999,4.40149608514,4951,19.441874028,2256.54024106,352126,499,4428,476.925046137,201.19920615,6.7102808036,0.10050335853499999,7.97454850173,1881,54.199580932399996,4991.58983761,0,7,7,0,1,0,0,0,1,0,0
2891,26,108,41,52,220242,357,1062,452.547280711,140.0075344,13.439022061,3.04369326436,13.647982006600001,1796,13.6619178082,1375.80767123,21,193,0,0.10050335853499999,0.10050335853499999,0.10050335853499999,0.10050335853499999,0.35184014387100004,0,0.0,0.0,1,1,1,0,1,0,0,0,1,0,0
2914,4,535,5,182,2662235,824,74528,4477.89835361,1748.8717325999999,16.424706171700002,0.10050335853499999,16.671041355,14301,57.81867108260001,2274.40184917,690097,67745,11680,835.0865575939999,126.646585712,20.5078470658,0.10050335853499999,20.5078470658,3434,41.6813598387,3031.49668683,1,7,7,0,1,0,0,0,1,0,0
2937,8,205,1,1000,8569,1518,890,14.859260689100001,1.13312560287,2.09367921595,0.35184014387100004,2.5875057474200003,49,298.040816327,6556.04081633,805,589,26,7.7559294769800005,1.87391771562,3.13420307907,0.367462556237,1.84368200433,29,94.0689655172,1810.55172414,1,1,1,0,1,0,0,0,1,0,0
2966,28,67,39,245,57840,27137,5245,271.759860328,35.9558041591,13.0793877781,0.10050335853499999,12.6428812457,890,294.170731707,8733.9767184,48777,858,1236,247.238745401,74.1034922474,3.0316956547900005,1.81674611367,21.1756960799,997,32.902777777800004,1871.07142857,0,1,1,0,1,0,0,0,1,0,0
2996,39,23,34,151,3081505,119234,316,19.1730199185,9.94951080322,0.10050335853499999,0.10050335853499999,0.10050335853499999,66,55.641791044799994,17588.0597015,158467,154157,1590,299.60787906,80.1902863889,0.10050335853499999,0.10050335853499999,0.10050335853499999,791,122.25280199299999,11514.8119552,1,1,1,0,1,0,0,0,1,0,0
3008,1,543,6,391,583476,13020,13349,5679.00389724,59.4989889042,2.6945728042400003,0.10050335853499999,1.37791259595,8003,83.6537041595,4997.22532611,397,795,2,10.9109573964,0.857841590423,3.65846764362,0.354378899279,3.11457976318,29,35.241379310300005,2810.44827586,1,1,1,0,1,0,0,0,1,0,0
3073,29,86,32,233,5922518,483,7594,65758.403536,32054.0555967,1.61241011026,0.10050335853499999,2.63160675438,187674,6.01569385268,1199.63681206,65264,956,2672,226.76354990599998,72.1454053207,3.78166453239,2.0479372421599997,3.0637191964999997,887,68.7081930415,1766.30751964,1,1,1,0,1,0,0,0,1,0,0
3083,6,383,7,624,8048101,1,85858,2519.91577878,1530.02978926,0.10050335853499999,0.10050335853499999,0.332423043719,10885,21.611530417399997,3607.91997818,6375552,813,13024,12873.6009322,4515.51517633,1.03520996852,0.10050335853499999,2.03903709968,28917,9.79993143641,1988.04748029,1,7,7,0,1,0,0,0,1,0,0
3141,2,556,2,877,4901,1313,215,14.8206194573,2.61160130778,0.89337217571,0.10050335853499999,0.626439673928,63,54.53125,1619.140625,6966,594,449,14.22719332,10.537955328899999,0.835096614392,0.10050335853499999,1.8121140641799998,44,100.97727272700001,2990.72727273,1,7,7,0,1,0,0,0,1,0,0
3143,4,557,10,165,1257,318,67,12.127098736199999,3.97380327177,1.7961257947999998,0.10050335853499999,1.7961257947999998,52,591.811320755,8903.66037736,1601,1814,81,1.89532136901,0.505498709835,0.35694329868,0.10050335853499999,0.35694329868,9,840.666666667,58998.666666699995,1,1,1,0,1,0,0,0,1,0,0
3144,4,90,8,326,3171023,5171,31522,1111.08266816,405.552681196,4.85048632535,0.10050335853499999,4.40149608514,4951,19.441874028,2256.54024106,6061284,24,41017,410.052992763,36.803758622800004,0.10050335853499999,0.10050335853499999,0.10050335853499999,1716,21.0346620451,1734.6129405000001,0,7,7,0,1,0,0,0,1,0,0
3160,2,559,5,606,1528,1312,60,0.949939800767,0.288295190817,0.10050335853499999,0.10050335853499999,0.10050335853499999,3,28.6666666667,1019.0,1899,996,120,5.77049742585,2.03574095856,1.0662358111799999,0.341936471695,5.789096699040001,26,86.7692307692,2015.73076923,1,7,7,0,1,0,0,0,1,0,0
3164,8,560,5,334,1612720,285,13630,684.100935994,93.6213603611,0.10050335853499999,0.10050335853499999,0.10050335853499999,2638,66.5844009043,3358.48455162,2307845,329,12580,530.084862239,189.947738868,4.8277204846599995,0.10050335853499999,3.13044656228,2164,80.9147675479,9278.51230629,0,7,7,0,1,0,0,0,1,0,0
3175,4,562,7,746,1796718,284,14765,2149.65260351,140.393090952,1.0890045261799999,0.10050335853499999,2.3114954551199998,6986,44.927216086099996,2155.68819031,6085071,67,30758,10357.2451628,5215.95304747,0.10050335853499999,0.10050335853499999,0.10050335853499999,32871,10.018526278,930.1526996289999,1,7,7,0,1,0,0,0,1,0,0
3178,2,564,3,666,393,257,26,3.5444207379400003,1.22347319238,0.58846873808,0.35184014387100004,0.58846873808,15,178.0,5430.6,126,115,3,0.528703237581,0.10050335853499999,0.10050335853499999,0.10050335853499999,0.10050335853499999,1,8.0,186.0,0,7,7,0,1,0,0,0,1,0,0
3182,1,566,6,391,583476,13020,13349,5679.00389724,59.4989889042,2.6945728042400003,0.10050335853499999,1.37791259595,8003,83.6537041595,4997.22532611,1419368,424,3992,5779.1341656999975,1402.9278692,0.10050335853499999,0.10050335853499999,0.621180310774,21842,19.6071493542,3356.77387666,0,1,1,0,1,0,0,0,1,0,0
3183,3,567,4,535,690097,67745,11680,835.0865575939999,126.646585712,20.5078470658,0.10050335853499999,20.5078470658,3434,41.6813598387,3031.49668683,2759731,108731,31129,566.765962564,147.156874882,1.3794185156999998,0.10050335853499999,0.606481338266,2174,56.505946935,6777.86047575,0,7,7,0,1,0,0,0,1,0,0
3201,7,175,39,281,725,645,44,4.10829871077,0.709693061502,1.56890938185,0.834706370192,1.83266497678,15,128.8,2381.46666667,591,401,16,3.05168166273,1.26297246306,1.13206858891,0.10050335853499999,1.11987376563,12,107.166666667,14013.416666699999,1,1,1,0,1,0,0,0,1,0,0
3214,3,512,5,288,181963,208,1691,448.576177818,94.95039974049999,2.0943309954799996,0.35694329868,2.09679333178,1541,92.7926356589,9996.16343669,657021,4535,6187,640.945858955,103.354442415,2.1351367091499998,0.359533601106,1.87610646658,2453,28.3141932875,1644.85766276,0,7,7,0,1,0,0,0,1,0,0
3219,4,90,8,560,2307845,329,12580,530.084862239,189.947738868,4.8277204846599995,0.10050335853499999,3.13044656228,2164,80.9147675479,9278.51230629,6061284,24,41017,410.052992763,36.803758622800004,0.10050335853499999,0.10050335853499999,0.10050335853499999,1716,21.0346620451,1734.6129405000001,1,7,7,0,1,0,0,0,1,0,0
3228,1,572,8,205,805,589,26,7.7559294769800005,1.87391771562,3.13420307907,0.367462556237,1.84368200433,29,94.0689655172,1810.55172414,1032,493,45,0.739451842511,0.10050335853499999,0.332423043719,0.332423043719,0.830472068319,3,118.666666667,2495.0,0,1,1,0,1,0,0,0,1,0,0
3252,5,574,4,562,6085071,67,30758,10357.2451628,5215.95304747,0.10050335853499999,0.10050335853499999,0.10050335853499999,32871,10.018526278,930.1526996289999,2632007,5,37841,557.7292406319999,195.41768999599998,0.10050335853499999,0.10050335853499999,0.10050335853499999,2391,62.3338802297,3537.85931091,0,7,7,0,1,0,0,0,1,0,0
3259,7,175,8,205,805,589,26,7.7559294769800005,1.87391771562,3.13420307907,0.367462556237,1.84368200433,29,94.0689655172,1810.55172414,591,401,16,3.05168166273,1.26297246306,1.13206858891,0.10050335853499999,1.11987376563,12,107.166666667,14013.416666699999,0,1,1,0,1,0,0,0,1,0,0
3287,8,326,3,558,84068,38,2181,22.1017340368,5.247892315480001,0.35184014387100004,0.35184014387100004,0.600663561355,95,54.7052631579,1431.93684211,3171023,5171,31522,1111.08266816,405.552681196,4.85048632535,0.10050335853499999,4.40149608514,4951,19.441874028,2256.54024106,0,7,7,0,1,0,0,0,1,0,0
3290,28,202,26,108,21,193,0,0.10050335853499999,0.10050335853499999,0.10050335853499999,0.10050335853499999,0.35184014387100004,0,0.0,0.0,108768,57,62,0.762978430716,0.306073458935,3.6119396486900004,3.3705065355299997,10.6005015388,3,7.333333333330001,1022.33333333,0,1,1,0,1,0,0,0,1,0,0
3295,1,580,3,666,393,257,26,3.5444207379400003,1.22347319238,0.58846873808,0.35184014387100004,0.58846873808,15,178.0,5430.6,5029,966,325,14.2452279276,1.49459096104,1.8227578031799998,0.10050335853499999,1.32008423251,62,212.203125,4363.984375,0,7,7,0,1,0,0,0,1,0,0
3354,1,387,3,558,84068,38,2181,22.1017340368,5.247892315480001,0.35184014387100004,0.35184014387100004,0.600663561355,95,54.7052631579,1431.93684211,2843700,5337,56504,17670.645963,9277.32461363,20.7780062771,16.2905397703,132.130398415,58691,25.682301123000002,1595.08380405,0,7,7,0,1,0,0,0,1,0,0
3371,3,589,5,182,2662235,824,74528,4477.89835361,1748.8717325999999,16.424706171700002,0.10050335853499999,16.671041355,14301,57.81867108260001,2274.40184917,1271386,7081,9041,847.474867563,178.781710136,2.27406036057,0.10050335853499999,1.30552262313,3063,37.8702860858,4686.50650195,1,7,7,0,1,0,0,0,1,0,0
3411,4,398,4,121,10422587,147,98965,1892.91438777,678.010953505,0.8424973786229999,0.10050335853499999,0.8424973786229999,7979,37.135768945900004,2639.14082942,3042715,3811,32579,1951.52822645,890.613211633,1.3725736842200005,0.10050335853499999,2.88107706749,7855,33.0857468066,2423.98912356,1,7,7,0,1,0,0,0,1,0,0
3470,26,108,39,23,158467,154157,1590,299.60787906,80.1902863889,0.10050335853499999,0.10050335853499999,0.10050335853499999,791,122.25280199299999,11514.8119552,21,193,0,0.10050335853499999,0.10050335853499999,0.10050335853499999,0.10050335853499999,0.35184014387100004,0,0.0,0.0,1,1,1,0,1,0,0,0,1,0,0
3490,41,52,34,156,1140,927,69,0.577496611666,0.10050335853499999,0.341936471695,0.10050335853499999,0.341936471695,2,14.5,1206.5,220242,357,1062,452.547280711,140.0075344,13.439022061,3.04369326436,13.647982006600001,1796,13.6619178082,1375.80767123,0,1,1,0,1,0,0,0,1,0,0
3533,5,606,3,367,6029,3353,297,19.6604471469,7.21535721748,7.034633095569999,0.354378899279,10.3401077893,55,64.649122807,2148.42105263,1528,1312,60,0.949939800767,0.288295190817,0.10050335853499999,0.10050335853499999,0.10050335853499999,3,28.6666666667,1019.0,0,7,7,0,1,0,0,0,1,0,0
3555,4,507,8,322,3742349,58111,29109,1337.14689048,275.658602722,8.41601221535,1.55952189384,4.2960589952599975,3682,43.9570585078,5128.20236178,3317868,58,58670,4181.19036583,2200.00702641,18.3799704838,13.867152253699999,31.7927874243,13291,24.4464963884,1476.28095912,1,7,7,0,1,0,0,0,1,0,0
3590,6,383,8,326,3171023,5171,31522,1111.08266816,405.552681196,4.85048632535,0.10050335853499999,4.40149608514,4951,19.441874028,2256.54024106,6375552,813,13024,12873.6009322,4515.51517633,1.03520996852,0.10050335853499999,2.03903709968,28917,9.79993143641,1988.04748029,0,7,7,0,1,0,0,0,1,0,0
3595,7,175,4,270,187,751,2,2.59096857076,0.279091522488,2.0276285503400002,0.332423043719,1.0652372659799998,11,17.0,345.09090909099996,591,401,16,3.05168166273,1.26297246306,1.13206858891,0.10050335853499999,1.11987376563,12,107.166666667,14013.416666699999,0,1,1,0,1,0,0,0,1,0,0
3601,34,156,34,0,34463,29808,1689,15.4304976173,3.9840288048900003,8.204331198450001,0.332423043719,6.988814956789999,66,75.5303030303,1916.89393939,1140,927,69,0.577496611666,0.10050335853499999,0.341936471695,0.10050335853499999,0.341936471695,2,14.5,1206.5,1,1,1,0,1,0,0,0,1,0,0
3631,4,557,39,281,725,645,44,4.10829871077,0.709693061502,1.56890938185,0.834706370192,1.83266497678,15,128.8,2381.46666667,1601,1814,81,1.89532136901,0.505498709835,0.35694329868,0.10050335853499999,0.35694329868,9,840.666666667,58998.666666699995,0,1,1,0,1,0,0,0,1,0,0
3676,5,282,4,507,3317868,58,58670,4181.19036583,2200.00702641,18.3799704838,13.867152253699999,31.7927874243,13291,24.4464963884,1476.28095912,948551,75,4994,5738.81759374,3738.22521768,15.7845956254,3.5944744739099996,32.2224096489,20589,12.6059559776,1276.81225723,1,7,7,0,1,0,0,0,1,0,0
3681,5,288,8,560,2307845,329,12580,530.084862239,189.947738868,4.8277204846599995,0.10050335853499999,3.13044656228,2164,80.9147675479,9278.51230629,181963,208,1691,448.576177818,94.95039974049999,2.0943309954799996,0.35694329868,2.09679333178,1541,92.7926356589,9996.16343669,1,7,7,0,1,0,0,0,1,0,0
3754,4,270,10,116,100,201,7,0.35184014387100004,0.10050335853499999,0.35184014387100004,0.10050335853499999,0.35184014387100004,1,29.0,469.0,187,751,2,2.59096857076,0.279091522488,2.0276285503400002,0.332423043719,1.0652372659799998,11,17.0,345.09090909099996,0,1,1,0,1,0,0,0,1,0,0
3759,7,624,5,334,1612720,285,13630,684.100935994,93.6213603611,0.10050335853499999,0.10050335853499999,0.10050335853499999,2638,66.5844009043,3358.48455162,8048101,1,85858,2519.91577878,1530.02978926,0.10050335853499999,0.10050335853499999,0.332423043719,10885,21.611530417399997,3607.91997818,0,7,7,0,1,0,0,0,1,0,0
3774,39,281,10,165,1257,318,67,12.127098736199999,3.97380327177,1.7961257947999998,0.10050335853499999,1.7961257947999998,52,591.811320755,8903.66037736,725,645,44,4.10829871077,0.709693061502,1.56890938185,0.834706370192,1.83266497678,15,128.8,2381.46666667,0,1,1,0,1,0,0,0,1,0,0
3922,28,67,33,65,5941,1615,278,39.5895711782,3.8664530784199993,1.51595307118,0.10050335853499999,1.28169076292,116,63.9915254237,2503.94915254,48777,858,1236,247.238745401,74.1034922474,3.0316956547900005,1.81674611367,21.1756960799,997,32.902777777800004,1871.07142857,1,1,1,0,1,0,0,0,1,0,0
3937,7,624,3,589,1271386,7081,9041,847.474867563,178.781710136,2.27406036057,0.10050335853499999,1.30552262313,3063,37.8702860858,4686.50650195,8048101,1,85858,2519.91577878,1530.02978926,0.10050335853499999,0.10050335853499999,0.332423043719,10885,21.611530417399997,3607.91997818,1,7,7,0,1,0,0,0,1,0,0
3978,9,317,8,560,2307845,329,12580,530.084862239,189.947738868,4.8277204846599995,0.10050335853499999,3.13044656228,2164,80.9147675479,9278.51230629,1780218,2,42873,1876.31019123,1294.35747311,2.59369129475,1.8034653736400001,4.84031726425,5373,67.329281768,3894.4985266999997,0,7,7,0,1,0,0,0,1,0,0
4027,2,556,4,456,2045,2141,130,1.8334189963599998,0.10050335853499999,0.10050335853499999,0.10050335853499999,0.354378899279,7,135.285714286,2754.28571429,6966,594,449,14.22719332,10.537955328899999,0.835096614392,0.10050335853499999,1.8121140641799998,44,100.97727272700001,2990.72727273,0,7,7,0,1,0,0,0,1,0,0
4053,1,652,3,726,2517,594,95,3.68772031105,0.280895443336,1.3987111726299999,0.10050335853499999,1.13706446296,15,311.2,11618.266666700001,17759,1128,1850,37.2176722923,14.151723654500001,2.8411259775200004,0.341936471695,2.80445450245,147,253.758389262,3613.46979866,0,7,7,0,1,0,0,0,1,0,0
4067,5,182,5,344,352126,499,4428,476.925046137,201.19920615,6.7102808036,0.10050335853499999,7.97454850173,1881,54.199580932399996,4991.58983761,2662235,824,74528,4477.89835361,1748.8717325999999,16.424706171700002,0.10050335853499999,16.671041355,14301,57.81867108260001,2274.40184917,1,7,7,0,1,0,0,0,1,0,0
4083,26,108,33,65,5941,1615,278,39.5895711782,3.8664530784199993,1.51595307118,0.10050335853499999,1.28169076292,116,63.9915254237,2503.94915254,21,193,0,0.10050335853499999,0.10050335853499999,0.10050335853499999,0.10050335853499999,0.35184014387100004,0,0.0,0.0,1,1,1,0,1,0,0,0,1,0,0
4135,8,322,5,574,2632007,5,37841,557.7292406319999,195.41768999599998,0.10050335853499999,0.10050335853499999,0.10050335853499999,2391,62.3338802297,3537.85931091,3742349,58111,29109,1337.14689048,275.658602722,8.41601221535,1.55952189384,4.2960589952599975,3682,43.9570585078,5128.20236178,1,7,7,0,1,0,0,0,1,0,0
4189,9,317,1,1076,889,696,41,0.35694329868,0.10050335853499999,0.10050335853499999,0.10050335853499999,1.3880919401499998,1,163.0,2367.0,1780218,2,42873,1876.31019123,1294.35747311,2.59369129475,1.8034653736400001,4.84031726425,5373,67.329281768,3894.4985266999997,0,7,7,0,1,0,0,0,1,0,0
4231,3,666,3,893,5502,688,286,20.679215410999998,7.731097940810001,5.23337696437,1.6134043381299998,5.22470256888,87,151.25287356299998,3420.40229885,393,257,26,3.5444207379400003,1.22347319238,0.58846873808,0.35184014387100004,0.58846873808,15,178.0,5430.6,1,7,7,0,1,0,0,0,1,0,0
4239,1,667,10,116,100,201,7,0.35184014387100004,0.10050335853499999,0.35184014387100004,0.10050335853499999,0.35184014387100004,1,29.0,469.0,1954,621,146,5.0314071364699995,3.99544313286,0.10050335853499999,0.10050335853499999,0.10050335853499999,17,72.8823529412,1101.11764706,0,1,1,0,1,0,0,0,1,0,0
4251,6,346,8,322,3742349,58111,29109,1337.14689048,275.658602722,8.41601221535,1.55952189384,4.2960589952599975,3682,43.9570585078,5128.20236178,2208080,240,39725,1404.43630441,431.10394468,2.59674867699,0.10050335853499999,5.55949044865,5748,75.8785529716,2812.66856158,0,7,7,0,1,0,0,0,1,0,0
4266,28,202,39,245,57840,27137,5245,271.759860328,35.9558041591,13.0793877781,0.10050335853499999,12.6428812457,890,294.170731707,8733.9767184,108768,57,62,0.762978430716,0.306073458935,3.6119396486900004,3.3705065355299997,10.6005015388,3,7.333333333330001,1022.33333333,1,1,1,0,1,0,0,0,1,0,0
4299,10,165,7,175,591,401,16,3.05168166273,1.26297246306,1.13206858891,0.10050335853499999,1.11987376563,12,107.166666667,14013.416666699999,1257,318,67,12.127098736199999,3.97380327177,1.7961257947999998,0.10050335853499999,1.7961257947999998,52,591.811320755,8903.66037736,0,1,1,0,1,0,0,0,1,0,0
4318,34,156,32,233,5922518,483,7594,65758.403536,32054.0555967,1.61241011026,0.10050335853499999,2.63160675438,187674,6.01569385268,1199.63681206,1140,927,69,0.577496611666,0.10050335853499999,0.341936471695,0.10050335853499999,0.341936471695,2,14.5,1206.5,0,1,1,0,1,0,0,0,1,0,0
4366,7,624,4,398,3042715,3811,32579,1951.52822645,890.613211633,1.3725736842200005,0.10050335853499999,2.88107706749,7855,33.0857468066,2423.98912356,8048101,1,85858,2519.91577878,1530.02978926,0.10050335853499999,0.10050335853499999,0.332423043719,10885,21.611530417399997,3607.91997818,1,7,7,0,1,0,0,0,1,0,0
4394,4,679,6,477,1424824,338,6096,462.507298936,135.30412199399998,0.334765666801,0.334765666801,0.334765666801,1732,43.962307253,5992.77898344,1891961,302,56637,1595.79523221,808.3039285230002,2.4765417522099997,1.0518461562,7.4628849399399995,5950,66.6419098143,2917.68252653,0,7,7,0,1,0,0,0,1,0,0
4429,5,282,8,250,5629637,51683,54624,4894.901216300002,2375.07856014,5.949829394269999,0.862666017566,6.8394630118499995,20125,17.2368421053,1353.64647653,948551,75,4994,5738.81759374,3738.22521768,15.7845956254,3.5944744739099996,32.2224096489,20589,12.6059559776,1276.81225723,1,7,7,0,1,0,0,0,1,0,0
4450,29,86,26,108,21,193,0,0.10050335853499999,0.10050335853499999,0.10050335853499999,0.10050335853499999,0.35184014387100004,0,0.0,0.0,65264,956,2672,226.76354990599998,72.1454053207,3.78166453239,2.0479372421599997,3.0637191964999997,887,68.7081930415,1766.30751964,0,1,1,0,1,0,0,0,1,0,0
4452,34,53,44,68,3525,3115,131,0.10050335853499999,0.10050335853499999,0.10050335853499999,0.10050335853499999,0.10050335853499999,0,0.0,0.0,3638,3341,85,2.7935772010699997,1.40270262958,2.5940892676900003,0.5981501935010001,3.80214341589,11,9.416666666669999,489.08333333300004,0,1,1,0,1,0,0,0,1,0,0
4489,34,53,38,97,119001,119704,2266,63.6032615837,17.010681516,11.232851900899998,0.10050335853499999,6.62889672446,206,167.913043478,6161.917874399999,3638,3341,85,2.7935772010699997,1.40270262958,2.5940892676900003,0.5981501935010001,3.80214341589,11,9.416666666669999,489.08333333300004,1,1,1,0,1,0,0,0,1,0,0
4531,5,197,7,746,1796718,284,14765,2149.65260351,140.393090952,1.0890045261799999,0.10050335853499999,2.3114954551199998,6986,44.927216086099996,2155.68819031,6499799,899,8841,5568.42989585,1625.21049665,0.10050335853499999,0.10050335853499999,0.854513714544,20223,9.164157071150001,2100.28260014,0,7,7,0,1,0,0,0,1,0,0
4567,34,53,28,202,108768,57,62,0.762978430716,0.306073458935,3.6119396486900004,3.3705065355299997,10.6005015388,3,7.333333333330001,1022.33333333,3638,3341,85,2.7935772010699997,1.40270262958,2.5940892676900003,0.5981501935010001,3.80214341589,11,9.416666666669999,489.08333333300004,0,1,1,0,1,0,0,0,1,0,0
4575,39,245,44,68,3525,3115,131,0.10050335853499999,0.10050335853499999,0.10050335853499999,0.10050335853499999,0.10050335853499999,0,0.0,0.0,57840,27137,5245,271.759860328,35.9558041591,13.0793877781,0.10050335853499999,12.6428812457,890,294.170731707,8733.9767184,0,1,1,0,1,0,0,0,1,0,0
4661,28,67,39,281,725,645,44,4.10829871077,0.709693061502,1.56890938185,0.834706370192,1.83266497678,15,128.8,2381.46666667,48777,858,1236,247.238745401,74.1034922474,3.0316956547900005,1.81674611367,21.1756960799,997,32.902777777800004,1871.07142857,0,1,1,0,1,0,0,0,1,0,0
4756,44,68,38,97,119001,119704,2266,63.6032615837,17.010681516,11.232851900899998,0.10050335853499999,6.62889672446,206,167.913043478,6161.917874399999,3525,3115,131,0.10050335853499999,0.10050335853499999,0.10050335853499999,0.10050335853499999,0.10050335853499999,0,0.0,0.0,1,1,1,0,1,0,0,0,1,0,0
4805,31,192,41,52,220242,357,1062,452.547280711,140.0075344,13.439022061,3.04369326436,13.647982006600001,1796,13.6619178082,1375.80767123,3893,1059,168,3.26047330814,1.051286304,1.10082376417,0.10050335853499999,1.10082376417,15,95.8,2188.73333333,0,1,1,0,1,0,0,0,1,0,0
4849,4,535,4,226,6839015,968,47559,3488.25146245,566.630976996,21.5080088919,5.66092695152,15.68925138,14107,41.6713914813,5188.99270227,690097,67745,11680,835.0865575939999,126.646585712,20.5078470658,0.10050335853499999,20.5078470658,3434,41.6813598387,3031.49668683,0,7,7,0,1,0,0,0,1,0,0
4857,3,504,11,447,3524,1881,14,0.957114177058,0.10050335853499999,0.10050335853499999,0.10050335853499999,0.10050335853499999,4,85.0,1942.75,148,398,2,0.10050335853499999,0.10050335853499999,0.10050335853499999,0.10050335853499999,0.10050335853499999,0,0.0,0.0,1,1,1,0,1,0,0,0,1,0,0
4871,3,726,5,606,1528,1312,60,0.949939800767,0.288295190817,0.10050335853499999,0.10050335853499999,0.10050335853499999,3,28.6666666667,1019.0,2517,594,95,3.68772031105,0.280895443336,1.3987111726299999,0.10050335853499999,1.13706446296,15,311.2,11618.266666700001,1,7,7,0,1,0,0,0,1,0,0
4932,34,0,38,97,119001,119704,2266,63.6032615837,17.010681516,11.232851900899998,0.10050335853499999,6.62889672446,206,167.913043478,6161.917874399999,34463,29808,1689,15.4304976173,3.9840288048900003,8.204331198450001,0.332423043719,6.988814956789999,66,75.5303030303,1916.89393939,1,1,1,0,1,0,0,0,1,0,0
4939,3,512,4,121,10422587,147,98965,1892.91438777,678.010953505,0.8424973786229999,0.10050335853499999,0.8424973786229999,7979,37.135768945900004,2639.14082942,657021,4535,6187,640.945858955,103.354442415,2.1351367091499998,0.359533601106,1.87610646658,2453,28.3141932875,1644.85766276,1,7,7,0,1,0,0,0,1,0,0
4950,5,197,3,774,5708469,33,16442,1069.26488095,414.297185999,0.10050335853499999,0.10050335853499999,0.35694329868,4476,33.5978998031,4264.50207832,6499799,899,8841,5568.42989585,1625.21049665,0.10050335853499999,0.10050335853499999,0.854513714544,20223,9.164157071150001,2100.28260014,1,7,7,0,1,0,0,0,1,0,0
4977,1,735,39,245,57840,27137,5245,271.759860328,35.9558041591,13.0793877781,0.10050335853499999,12.6428812457,890,294.170731707,8733.9767184,147,110,2,0.10050335853499999,0.10050335853499999,0.334765666801,0.10050335853499999,0.334765666801,0,0.0,0.0,1,1,1,0,1,0,0,0,1,0,0
5016,34,151,34,0,34463,29808,1689,15.4304976173,3.9840288048900003,8.204331198450001,0.332423043719,6.988814956789999,66,75.5303030303,1916.89393939,3081505,119234,316,19.1730199185,9.94951080322,0.10050335853499999,0.10050335853499999,0.10050335853499999,66,55.641791044799994,17588.0597015,1,1,1,0,1,0,0,0,1,0,0
5031,7,325,11,447,3524,1881,14,0.957114177058,0.10050335853499999,0.10050335853499999,0.10050335853499999,0.10050335853499999,4,85.0,1942.75,1268,933,48,3.31007533733,0.9337591884469999,1.054823201,0.10050335853499999,1.8068225365400001,14,181.133333333,2256.4,1,1,1,0,1,0,0,0,1,0,0
5041,9,317,6,383,6375552,813,13024,12873.6009322,4515.51517633,1.03520996852,0.10050335853499999,2.03903709968,28917,9.79993143641,1988.04748029,1780218,2,42873,1876.31019123,1294.35747311,2.59369129475,1.8034653736400001,4.84031726425,5373,67.329281768,3894.4985266999997,0,7,7,0,1,0,0,0,1,0,0
5086,7,746,8,326,3171023,5171,31522,1111.08266816,405.552681196,4.85048632535,0.10050335853499999,4.40149608514,4951,19.441874028,2256.54024106,1796718,284,14765,2149.65260351,140.393090952,1.0890045261799999,0.10050335853499999,2.3114954551199998,6986,44.927216086099996,2155.68819031,1,7,7,0,1,0,0,0,1,0,0
5149,4,90,5,574,2632007,5,37841,557.7292406319999,195.41768999599998,0.10050335853499999,0.10050335853499999,0.10050335853499999,2391,62.3338802297,3537.85931091,6061284,24,41017,410.052992763,36.803758622800004,0.10050335853499999,0.10050335853499999,0.10050335853499999,1716,21.0346620451,1734.6129405000001,0,7,7,0,1,0,0,0,1,0,0
5173,44,68,39,245,57840,27137,5245,271.759860328,35.9558041591,13.0793877781,0.10050335853499999,12.6428812457,890,294.170731707,8733.9767184,3525,3115,131,0.10050335853499999,0.10050335853499999,0.10050335853499999,0.10050335853499999,0.10050335853499999,0,0.0,0.0,1,1,1,0,1,0,0,0,1,0,0
5179,8,250,3,567,2759731,108731,31129,566.765962564,147.156874882,1.3794185156999998,0.10050335853499999,0.606481338266,2174,56.505946935,6777.86047575,5629637,51683,54624,4894.901216300002,2375.07856014,5.949829394269999,0.862666017566,6.8394630118499995,20125,17.2368421053,1353.64647653,0,7,7,0,1,0,0,0,1,0,0
5206,5,574,8,560,2307845,329,12580,530.084862239,189.947738868,4.8277204846599995,0.10050335853499999,3.13044656228,2164,80.9147675479,9278.51230629,2632007,5,37841,557.7292406319999,195.41768999599998,0.10050335853499999,0.10050335853499999,0.10050335853499999,2391,62.3338802297,3537.85931091,1,7,7,0,1,0,0,0,1,0,0
5219,10,116,8,205,805,589,26,7.7559294769800005,1.87391771562,3.13420307907,0.367462556237,1.84368200433,29,94.0689655172,1810.55172414,100,201,7,0.35184014387100004,0.10050335853499999,0.35184014387100004,0.10050335853499999,0.35184014387100004,1,29.0,469.0,0,1,1,0,1,0,0,0,1,0,0
5247,38,97,28,202,108768,57,62,0.762978430716,0.306073458935,3.6119396486900004,3.3705065355299997,10.6005015388,3,7.333333333330001,1022.33333333,119001,119704,2266,63.6032615837,17.010681516,11.232851900899998,0.10050335853499999,6.62889672446,206,167.913043478,6161.917874399999,0,1,1,0,1,0,0,0,1,0,0
5277,31,192,26,108,21,193,0,0.10050335853499999,0.10050335853499999,0.10050335853499999,0.10050335853499999,0.35184014387100004,0,0.0,0.0,3893,1059,168,3.26047330814,1.051286304,1.10082376417,0.10050335853499999,1.10082376417,15,95.8,2188.73333333,0,1,1,0,1,0,0,0,1,0,0
5284,8,322,8,326,3171023,5171,31522,1111.08266816,405.552681196,4.85048632535,0.10050335853499999,4.40149608514,4951,19.441874028,2256.54024106,3742349,58111,29109,1337.14689048,275.658602722,8.41601221535,1.55952189384,4.2960589952599975,3682,43.9570585078,5128.20236178,0,7,7,0,1,0,0,0,1,0,0
5286,34,0,33,65,5941,1615,278,39.5895711782,3.8664530784199993,1.51595307118,0.10050335853499999,1.28169076292,116,63.9915254237,2503.94915254,34463,29808,1689,15.4304976173,3.9840288048900003,8.204331198450001,0.332423043719,6.988814956789999,66,75.5303030303,1916.89393939,1,1,1,0,1,0,0,0,1,0,0
5294,1,770,2,559,1899,996,120,5.77049742585,2.03574095856,1.0662358111799999,0.341936471695,5.789096699040001,26,86.7692307692,2015.73076923,1734,1347,66,0.634421753939,0.10050335853499999,0.10050335853499999,0.10050335853499999,0.332423043719,2,348.0,4855.0,1,7,7,0,1,0,0,0,1,0,0
5298,1,771,11,447,3524,1881,14,0.957114177058,0.10050335853499999,0.10050335853499999,0.10050335853499999,0.10050335853499999,4,85.0,1942.75,6815,6306,472,27.5984332699,4.835377690950001,4.32260132189,0.590759889178,3.56806425102,98,58.09,1816.63,0,1,1,0,1,0,0,0,1,0,0
5311,8,560,7,624,8048101,1,85858,2519.91577878,1530.02978926,0.10050335853499999,0.10050335853499999,0.332423043719,10885,21.611530417399997,3607.91997818,2307845,329,12580,530.084862239,189.947738868,4.8277204846599995,0.10050335853499999,3.13044656228,2164,80.9147675479,9278.51230629,0,7,7,0,1,0,0,0,1,0,0
5316,1,772,4,456,2045,2141,130,1.8334189963599998,0.10050335853499999,0.10050335853499999,0.10050335853499999,0.354378899279,7,135.285714286,2754.28571429,23453,135,618,26.9109344247,9.99883493634,0.583759829055,0.10050335853499999,0.583759829055,108,287.230088496,12091.6548673,0,7,7,0,1,0,0,0,1,0,0
5339,5,606,1,1160,396,995,11,0.332423043719,0.10050335853499999,0.10050335853499999,0.10050335853499999,0.573856156879,1,3.0,222.0,1528,1312,60,0.949939800767,0.288295190817,0.10050335853499999,0.10050335853499999,0.10050335853499999,3,28.6666666667,1019.0,0,7,7,0,1,0,0,0,1,0,0
5348,3,774,3,206,5694566,389,80794,2435.21624762,186.749343094,0.10050335853499999,0.10050335853499999,0.606481338266,9162,123.101232966,8112.89271036,5708469,33,16442,1069.26488095,414.297185999,0.10050335853499999,0.10050335853499999,0.35694329868,4476,33.5978998031,4264.50207832,0,7,7,0,1,0,0,0,1,0,0
5395,8,560,6,477,1424824,338,6096,462.507298936,135.30412199399998,0.334765666801,0.334765666801,0.334765666801,1732,43.962307253,5992.77898344,2307845,329,12580,530.084862239,189.947738868,4.8277204846599995,0.10050335853499999,3.13044656228,2164,80.9147675479,9278.51230629,0,7,7,0,1,0,0,0,1,0,0
5396,5,197,3,567,2759731,108731,31129,566.765962564,147.156874882,1.3794185156999998,0.10050335853499999,0.606481338266,2174,56.505946935,6777.86047575,6499799,899,8841,5568.42989585,1625.21049665,0.10050335853499999,0.10050335853499999,0.854513714544,20223,9.164157071150001,2100.28260014,1,7,7,0,1,0,0,0,1,0,0
5404,7,325,8,205,805,589,26,7.7559294769800005,1.87391771562,3.13420307907,0.367462556237,1.84368200433,29,94.0689655172,1810.55172414,1268,933,48,3.31007533733,0.9337591884469999,1.054823201,0.10050335853499999,1.8068225365400001,14,181.133333333,2256.4,1,1,1,0,1,0,0,0,1,0,0
5409,5,288,5,334,1612720,285,13630,684.100935994,93.6213603611,0.10050335853499999,0.10050335853499999,0.10050335853499999,2638,66.5844009043,3358.48455162,181963,208,1691,448.576177818,94.95039974049999,2.0943309954799996,0.35694329868,2.09679333178,1541,92.7926356589,9996.16343669,0,7,7,0,1,0,0,0,1,0,0
5449,2,503,8,250,5629637,51683,54624,4894.901216300002,2375.07856014,5.949829394269999,0.862666017566,6.8394630118499995,20125,17.2368421053,1353.64647653,4721,1369,282,47.2309634162,1.44647967347,4.522213532169999,1.09484096359,6.03444477752,169,149.564705882,6692.68823529,0,7,7,0,1,0,0,0,1,0,0
5459,9,317,7,746,1796718,284,14765,2149.65260351,140.393090952,1.0890045261799999,0.10050335853499999,2.3114954551199998,6986,44.927216086099996,2155.68819031,1780218,2,42873,1876.31019123,1294.35747311,2.59369129475,1.8034653736400001,4.84031726425,5373,67.329281768,3894.4985266999997,0,7,7,0,1,0,0,0,1,0,0
