id,Choice
1,0.74603343
2,0.54090405
3,0.95628303
4,0.840508
5,0.47964782
6,0.74598885
7,0.4932359
8,0.026283562
9,0.97849375
10,0.18655711
11,0.6946349
12,0.09596515
13,0.3501886
14,0.55712575
15,0.0764547
16,0.10687995
17,0.034772158
18,0.8240252
19,0.069989204
20,0.6569278
21,0.32620084
22,0.94737196
23,0.13349968
24,0.16908008
25,0.94777286
26,0.9697009
27,0.9172321
28,0.71688825
29,0.92364883
30,0.31191862
31,0.913666
32,0.054196298
33,0.23437476
34,0.26877165
35,0.44404703
36,0.47004527
37,0.56786865
38,0.6207905
39,0.23693186
40,0.46544814
41,0.25583398
42,0.92677695
43,0.8707763
44,0.028286338
45,0.9247721
46,0.3968923
47,0.26237738
48,0.9646907
49,0.9192088
50,0.39899653
51,0.866192
52,0.9166647
53,0.9171852
54,0.53699553
55,0.03292942
56,0.6510655
57,0.7728665
58,0.4662903
59,0.9477805
60,0.0324499
61,0.6917415
62,0.3131348
63,0.85747457
64,0.49731606
65,0.4522975
66,0.92609906
67,0.5261634
68,0.7824749
69,0.26915246
70,0.61454916
71,0.07969344
72,0.7134751
73,0.7521703
74,0.56703305
75,0.13285196
76,0.13841426
77,0.51765364
78,0.2287395
79,0.72732234
80,0.9941222
81,0.68102074
82,0.9753407
83,0.75124156
84,0.3110935
85,0.54074925
86,0.44934082
87,0.52908367
88,0.84061956
89,0.096484065
90,0.30463982
91,0.8133266
92,0.9345759
93,0.19569069
94,0.09853935
95,0.819661
96,0.64995736
97,0.0942502
98,0.30153257
99,0.24171966
100,0.51850915
101,0.4669271
102,0.048244536
103,0.11290586
104,0.80322397
105,0.31831735
106,0.29731715
107,0.6746303
108,0.52386254
109,0.6976795
110,0.29022187
111,0.5264642
112,0.72462326
113,0.07787156
114,0.5985279
115,0.034211814
116,0.25876087
117,0.34798855
118,0.03057772
119,0.060438275
120,0.1282304
121,0.04654938
122,0.107516766
123,0.97812796
124,0.33653653
125,0.32416463
126,0.10986096
127,0.1920411
128,0.9165229
129,0.48171824
130,0.10041672
131,0.40779215
132,0.6020258
133,0.6260301
134,0.13524348
135,0.9331703
136,0.30620325
137,0.035162926
138,0.67615855
139,0.25813568
140,0.58575124
141,0.03967017
142,0.09354484
143,0.30499965
144,0.07367307
145,0.500726
146,0.9849734
147,0.7595804
148,0.95850515
149,0.42334306
150,0.119870186
151,0.857171
152,0.82282853
153,0.037419856
154,0.064816
155,0.34510112
156,0.92455786
157,0.21893698
158,0.010720074
159,0.29907674
160,0.66808033
161,0.31791997
162,0.58660567
163,0.31578314
164,0.7709013
165,0.50499904
166,0.49676448
167,0.07923865
168,0.04685837
169,0.83732283
170,0.87956566
171,0.59049463
172,0.48412025
173,0.87305784
174,0.33792585
175,0.7758817
176,0.91453934
177,0.7062842
178,0.031307578
179,0.53238904
180,0.080144465
181,0.6885836
182,0.6063476
183,0.12399846
184,0.6883453
185,0.7786149
186,0.12642038
187,0.63009214
188,0.93661666
189,0.27085686
190,0.06476176
191,0.21652961
192,0.13599938
193,0.96694255
194,0.5404544
195,0.08138442
196,0.0702976
197,0.44798994
198,0.030834973
199,0.13862175
200,0.22687864
201,0.15234905
202,0.03400755
203,0.74173474
204,0.8043476
205,0.046162367
206,0.9203267
207,0.9717239
208,0.26412827
209,0.9962324
210,0.9702779
211,0.031609714
212,0.4478411
213,0.32303822
214,0.22738594
215,0.035276532
216,0.72353804
217,0.22036189
218,0.05722779
219,0.07050663
220,0.94208884
221,0.40054816
222,0.10304004
223,0.33399433
224,0.860953
225,0.6975154
226,0.7873943
227,0.030662954
228,0.98442465
229,0.17188448
230,0.5037315
231,0.99196506
232,0.8546844
233,0.8442607
234,0.09351176
235,0.20831954
236,0.39987332
237,0.9386923
238,0.44442844
239,0.42767847
240,0.22102314
241,0.03933823
242,0.41982776
243,0.47016782
244,0.0819028
245,0.9858415
246,0.1891182
247,0.95891744
248,0.022808552
249,0.021862626
250,0.41094083
251,0.034626186
252,0.049301386
253,0.45755297
254,0.70358664
255,0.95605636
256,0.95656556
257,0.8921859
258,0.8484696
259,0.40497255
260,0.16376245
261,0.8977683
262,0.02473116
263,0.27644295
264,0.059179783
265,0.12834644
266,0.65005624
267,0.22324324
268,0.5018048
269,0.2096504
270,0.1460461
271,0.7354267
272,0.05718422
273,0.4993952
274,0.92710584
275,0.06580061
276,0.8472987
277,0.044906855
278,0.031077206
279,0.33371103
280,0.64023054
281,0.6885854
282,0.27083874
283,0.20018506
284,0.30417734
285,0.40957284
286,0.35845053
287,0.37149125
288,0.05101037
289,0.45512784
290,0.9305268
291,0.06762165
292,0.049433768
293,0.119546115
294,0.9271365
295,0.042721093
296,0.7630285
297,0.05566573
298,0.09652835
299,0.06677067
300,0.08295518
301,0.98380905
302,0.54074925
303,0.53157175
304,0.7132882
305,0.044638157
306,0.68766063
307,0.98478514
308,0.47543633
309,0.3278299
310,0.92559034
311,0.534722
312,0.7495042
313,0.7266593
314,0.32657576
315,0.33345968
316,0.15431964
317,0.039097607
318,0.927888
319,0.76148206
320,0.4097467
321,0.18206227
322,0.24755281
323,0.97266656
324,0.22923589
325,0.03387928
326,0.9336122
327,0.87298465
328,0.3887952
329,0.05804634
330,0.5261634
331,0.7566793
332,0.9247721
333,0.07220483
334,0.9574892
335,0.113571584
336,0.065889955
337,0.5404724
338,0.34820306
339,0.14776725
340,0.15925342
341,0.029738188
342,0.113627136
343,0.09877652
344,0.96358836
345,0.68611753
346,0.7871285
347,0.14582878
348,0.6428203
349,0.5200454
350,0.9402654
351,0.3373341
352,0.60514987
353,0.4727791
354,0.97554666
355,0.5999165
356,0.14788514
357,0.053672254
358,0.3735652
359,0.8468252
360,0.014045298
361,0.47477943
362,0.07577258
363,0.23152357
364,0.8974682
365,0.07934773
366,0.96536756
367,0.97219515
368,0.42284614
369,0.115677774
370,0.06483281
371,0.7985067
372,0.78328407
373,0.23066568
374,0.46207535
375,0.44587392
376,0.073197305
377,0.17395514
378,0.42218357
379,0.86299384
380,0.52874076
381,0.9550882
382,0.3348689
383,0.02228123
384,0.4359864
385,0.88347876
386,0.36960012
387,0.80097353
388,0.77103144
389,0.50346935
390,0.07064277
391,0.29886484
392,0.8899961
393,0.89906156
394,0.94561064
395,0.46316302
396,0.5618408
397,0.55178034
398,0.56900465
399,0.38659644
400,0.98671937
401,0.14335918
402,0.52448547
403,0.94259197
404,0.8283739
405,0.4595374
406,0.024468422
407,0.45569777
408,0.03127438
409,0.28301954
410,0.97742003
411,0.9780093
412,0.39622468
413,0.3679548
414,0.4006362
415,0.4881248
416,0.96598834
417,0.7152434
418,0.96266466
419,0.06689143
420,0.07389581
421,0.6568787
422,0.69278836
423,0.30397934
424,0.9586245
425,0.9892524
426,0.68219066
427,0.7082472
428,0.5272441
429,0.075464725
430,0.20670992
431,0.95426786
432,0.8290907
433,0.08153814
434,0.91204315
435,0.4517756
436,0.096450865
437,0.45704383
438,0.48247665
439,0.7289401
440,0.09481913
441,0.3658017
442,0.32877463
443,0.7850473
444,0.62646985
445,0.334332
446,0.059479475
447,0.7977052
448,0.44785225
449,0.63146704
450,0.5264175
451,0.43872964
452,0.24723691
453,0.07433027
454,0.5204003
455,0.13075805
456,0.91416156
457,0.8677093
458,0.67474425
459,0.90637976
460,0.61173546
461,0.43027508
462,0.11503643
463,0.5611837
464,0.73080504
465,0.98786736
466,0.90285444
467,0.7598932
468,0.2912752
469,0.12929899
470,0.08733666
471,0.3904965
472,0.1511963
473,0.22156811
474,0.88676804
475,0.6531725
476,0.9815894
477,0.25775367
478,0.30846298
479,0.39974296
480,0.05566573
481,0.11630529
482,0.021725059
483,0.922329
484,0.07181102
485,0.5465723
486,0.930628
487,0.98402965
488,0.708848
489,0.07680762
490,0.31921
491,0.91908634
492,0.9780465
493,0.033523858
494,0.7202183
495,0.118044555
496,0.28134584
497,0.26886064
498,0.5953408
499,0.13181847
500,0.33766103
501,0.7003398
502,0.81083477
503,0.6182654
504,0.08657086
505,0.03882408
506,0.3515007
507,0.7456348
508,0.12887424
509,0.9578839
510,0.9615532
511,0.6580069
512,0.84382915
513,0.9609982
514,0.5007217
515,0.9637018
516,0.93290687
517,0.98081446
518,0.20335954
519,0.033704758
520,0.5695504
521,0.2280531
522,0.44521004
523,0.20549673
524,0.3506623
525,0.4677407
526,0.5530031
527,0.2731396
528,0.30870932
529,0.082380354
530,0.7709449
531,0.035914063
532,0.124004185
533,0.6141536
534,0.21000332
535,0.9594317
536,0.052820742
537,0.18397158
538,0.46487057
539,0.7409519
540,0.90966636
541,0.87720466
542,0.097094655
543,0.56065166
544,0.15291786
545,0.21819645
546,0.9017389
547,0.38317478
548,0.9251872
549,0.089641154
550,0.9884207
551,0.8337993
552,0.95901835
553,0.5452671
554,0.5114334
555,0.05513549
556,0.9858415
557,0.048160493
558,0.21885377
559,0.060992897
560,0.54531276
561,0.17374188
562,0.7575487
563,0.22556454
564,0.47865826
565,0.119546115
566,0.93959683
567,0.2128321
568,0.47044492
569,0.9911749
570,0.26131856
571,0.046050966
572,0.6743564
573,0.050419033
574,0.92317104
575,0.023750424
576,0.88406086
577,0.9806726
578,0.52318704
579,0.9953329
580,0.13246292
581,0.023459852
582,0.08689034
583,0.6187253
584,0.7758216
585,0.6604187
586,0.07293069
587,0.2293399
588,0.9422662
589,0.93284065
590,0.6412175
591,0.36533785
592,0.56328994
593,0.54123515
594,0.27060813
595,0.12325084
596,0.5960529
597,0.17266214
598,0.1662963
599,0.9720086
600,0.43921345
601,0.47814763
602,0.19333684
603,0.5932059
604,0.060354173
605,0.9844009
606,0.5560101
607,0.53916323
608,0.91737103
609,0.95690864
610,0.15037203
611,0.32439363
612,0.94688714
613,0.4711802
614,0.76845276
615,0.5337609
616,0.43022662
617,0.9751311
618,0.957933
619,0.4252355
620,0.20531553
621,0.26412827
622,0.92951787
623,0.084889054
624,0.114738464
625,0.98914635
626,0.39700305
627,0.02117151
628,0.844916
629,0.71368647
630,0.13513017
631,0.38928813
632,0.02417934
633,0.88198173
634,0.79613554
635,0.40715045
636,0.13241386
637,0.9321033
638,0.49000907
639,0.010222852
640,0.9581103
641,0.25708306
642,0.32113677
643,0.8200781
644,0.43538457
645,0.043668926
646,0.13168383
647,0.5333081
648,0.75197184
649,0.07319832
650,0.34131175
651,0.06893456
652,0.58993673
653,0.4296401
654,0.89780575
655,0.94694406
656,0.07964659
657,0.32060724
658,0.59069455
659,0.9920962
660,0.17543232
661,0.72606325
662,0.4331742
663,0.10726869
664,0.40660518
665,0.45420283
666,0.9779997
667,0.5508626
668,0.4338414
669,0.65701854
670,0.007688701
671,0.0719322
672,0.987885
673,0.78849614
674,0.5419766
675,0.52654433
676,0.9321422
677,0.36903566
678,0.98287696
679,0.45432878
680,0.035403788
681,0.36286658
682,0.53946114
683,0.6510128
684,0.18232435
685,0.09615052
686,0.92733145
687,0.5429815
688,0.73878694
689,0.61310923
690,0.4953906
691,0.017130077
692,0.9692964
693,0.3460281
694,0.20347369
695,0.48127526
696,0.21134126
697,0.07951599
698,0.36591715
699,0.9186824
700,0.022565007
701,0.57275105
702,0.9480763
703,0.64683074
704,0.5970997
705,0.4483601
706,0.8272297
707,0.9123906
708,0.77452743
709,0.07538605
710,0.059527755
711,0.45458657
712,0.97493917
713,0.51447725
714,0.5901959
715,0.95458823
716,0.43330133
717,0.02519846
718,0.044042647
719,0.8320729
720,0.6920934
721,0.42638427
722,0.5523112
723,0.809705
724,0.93819684
725,0.56228393
726,0.035633326
727,0.92753935
728,0.8028221
729,0.6261611
730,0.57169926
731,0.5010973
732,0.44807935
733,0.12000966
734,0.038779616
735,0.48024255
736,0.29643512
737,0.6872551
738,0.93976283
739,0.9198531
740,0.930428
741,0.17939591
742,0.06830835
743,0.7543868
744,0.027652204
745,0.42143917
746,0.036829293
747,0.7022836
748,0.84910136
749,0.15304166
750,0.5003363
751,0.7972542
752,0.5010574
753,0.9814159
754,0.39654738
755,0.7136566
756,0.18274468
757,0.41783416
758,0.5581559
759,0.6764245
760,0.04469508
761,0.3914085
762,0.32908154
763,0.3205716
764,0.8463664
765,0.94621605
766,0.37401795
767,0.56282675
768,0.89419395
769,0.10745531
770,0.110076904
771,0.6671888
772,0.8074235
773,0.92407364
774,0.23158956
775,0.8825624
776,0.46730006
777,0.6146728
778,0.042247236
779,0.96068966
780,0.9004155
781,0.052111745
782,0.061353862
783,0.5514203
784,0.44182587
785,0.29815096
786,0.31523424
787,0.2938518
788,0.73524356
789,0.5777006
790,0.13957489
791,0.093987346
792,0.37277883
793,0.8060814
794,0.618348
795,0.1852293
796,0.016312122
797,0.7646488
798,0.9454339
799,0.945774
800,0.950196
801,0.06845927
802,0.37230152
803,0.9458667
804,0.11070055
805,0.52075255
806,0.59534204
807,0.75207746
808,0.15793234
809,0.2884512
810,0.42940485
811,0.55356324
812,0.25371206
813,0.53079796
814,0.15306991
815,0.06993002
816,0.7464411
817,0.09772742
818,0.031117737
819,0.90196234
820,0.8118727
821,0.48423535
822,0.53334546
823,0.058596015
824,0.96121114
825,0.64849937
826,0.98917824
827,0.46062285
828,0.16677028
829,0.59069455
830,0.15190703
831,0.94573283
832,0.11980426
833,0.03887707
834,0.05199814
835,0.5465454
836,0.3703509
837,0.052881658
838,0.1540665
839,0.95707893
840,0.63536924
841,0.5906619
842,0.7182572
843,0.9138651
844,0.6944034
845,0.07425475
846,0.042593837
847,0.3159811
848,0.9757932
849,0.44194973
850,0.3442853
851,0.5156791
852,0.10972768
853,0.04167092
854,0.08174634
855,0.8955498
856,0.43344134
857,0.17926031
858,0.09241027
859,0.27469897
860,0.31987727
861,0.11117202
862,0.6261715
863,0.46478158
864,0.9933472
865,0.58233756
866,0.9778531
867,0.32375497
868,0.06374729
869,0.07911068
870,0.49230206
871,0.13719833
872,0.9876823
873,0.40947342
874,0.078819156
875,0.89723194
876,0.031729102
877,0.114150584
878,0.90673816
879,0.0422014
880,0.28981572
881,0.19321555
882,0.08139992
883,0.03269559
884,0.8116418
885,0.022717834
886,0.6673434
887,0.7074336
888,0.8158867
889,0.049422145
890,0.86755687
891,0.13564205
892,0.6580692
893,0.2518893
894,0.9513366
895,0.26506698
896,0.55406946
897,0.78827447
898,0.95889777
899,0.9673047
900,0.9495797
901,0.5056042
902,0.21052915
903,0.106223404
904,0.26296014
905,0.57952285
906,0.4241022
907,0.40677547
908,0.82146513
909,0.34053534
910,0.02130127
911,0.4822129
912,0.39260554
913,0.28677887
914,0.97624904
915,0.88766766
916,0.5920601
917,0.8220296
918,0.5936574
919,0.23709774
920,0.31311965
921,0.058113992
922,0.9709788
923,0.8860209
924,0.81544435
925,0.9395543
926,0.79916006
927,0.47041142
928,0.17307985
929,0.9083696
930,0.2356968
931,0.91284466
932,0.8322048
933,0.80711734
934,0.38783282
935,0.29122698
936,0.76286405
937,0.6466199
938,0.8468252
939,0.06549299
940,0.85664415
941,0.9829223
942,0.06820637
943,0.6836494
944,0.9909735
945,0.3790323
946,0.58672947
947,0.6284596
948,0.77436864
949,0.9454288
950,0.6532891
951,0.83080286
952,0.1464265
953,0.7104864
954,0.40677547
955,0.9197836
956,0.05302763
957,0.21133232
958,0.98408294
959,0.076903224
960,0.632753
961,0.035640776
962,0.3817938
963,0.052284956
964,0.970627
965,0.4059562
966,0.055102944
967,0.09360731
968,0.28632194
969,0.797987
970,0.12362766
971,0.5031282
972,0.46355796
973,0.38117588
974,0.09075123
975,0.5922438
976,0.78122854
977,0.7899739
978,0.81055915
979,0.10022181
980,0.06472218
981,0.3280794
982,0.7650114
983,0.89618087
984,0.23955095
985,0.028680801
986,0.9595597
987,0.54808533
988,0.7074336
989,0.073492825
990,0.4883067
991,0.59339297
992,0.29022706
993,0.09607279
994,0.92010987
995,0.7638253
996,0.094677866
997,0.09879172
998,0.37746
999,0.27127868
1000,0.5385927
1001,0.035232842
1002,0.98147625
1003,0.019476712
1004,0.600218
1005,0.07526082
1006,0.32007694
1007,0.38195878
1008,0.11039245
1009,0.05540192
1010,0.18013191
1011,0.028551638
1012,0.5846422
1013,0.7902673
1014,0.29502577
1015,0.8438603
1016,0.06185198
1017,0.9043239
1018,0.62258756
1019,0.099298775
1020,0.6994909
1021,0.45595932
1022,0.7185612
1023,0.16045159
1024,0.83316135
1025,0.06684947
1026,0.53186
1027,0.9333808
1028,0.96312624
1029,0.9421675
1030,0.7354267
1031,0.8753529
1032,0.402924
1033,0.0517686
1034,0.20503384
1035,0.04422301
1036,0.92108446
1037,0.3545348
1038,0.18163294
1039,0.45300746
1040,0.6230849
1041,0.6603857
1042,0.043914974
1043,0.3779881
1044,0.5173151
1045,0.3242553
1046,0.3076567
1047,0.7619427
1048,0.78208303
1049,0.19010222
1050,0.17657918
1051,0.0399068
1052,0.5849409
1053,0.61971045
1054,0.65808696
1055,0.94651324
1056,0.76178026
1057,0.737023
1058,0.076370835
1059,0.98777914
1060,0.042181253
1061,0.287193
1062,0.8766752
1063,0.17991167
1064,0.46755475
1065,0.7299192
1066,0.26321548
1067,0.3285557
1068,0.52570957
1069,0.16295767
1070,0.20778626
1071,0.071413934
1072,0.08847588
1073,0.9082849
1074,0.8232429
1075,0.62559485
1076,0.34561533
1077,0.2131679
1078,0.7897865
1079,0.9808634
1080,0.97052747
1081,0.032198608
1082,0.82605153
1083,0.6582285
1084,0.9844159
1085,0.818748
1086,0.45447588
1087,0.975942
1088,0.5390203
1089,0.9286858
1090,0.036812842
1091,0.57795197
1092,0.28629577
1093,0.43608445
1094,0.20327187
1095,0.9138651
1096,0.06034565
1097,0.2847317
1098,0.02320695
1099,0.061386645
1100,0.029650986
1101,0.18971753
1102,0.64921033
1103,0.3032176
1104,0.02121377
1105,0.19288546
1106,0.8251842
1107,0.09073371
1108,0.9653452
1109,0.8255507
1110,0.48606277
1111,0.9620579
1112,0.15772438
1113,0.9124837
1114,0.48919195
1115,0.7951846
1116,0.15347564
1117,0.9774337
1118,0.7202183
1119,0.92242384
1120,0.7094114
1121,0.16382635
1122,0.6055635
1123,0.97713304
1124,0.18226469
1125,0.24631333
1126,0.45592827
1127,0.4890203
1128,0.6771995
1129,0.95707715
1130,0.49032396
1131,0.7185612
1132,0.17926031
1133,0.8631389
1134,0.06377977
1135,0.5959004
1136,0.8443494
1137,0.59499717
1138,0.22179341
1139,0.123488665
1140,0.819661
1141,0.36484092
1142,0.48566353
1143,0.89431053
1144,0.8520653
1145,0.024484396
1146,0.17300689
1147,0.09213531
1148,0.4582135
1149,0.2867059
1150,0.48879313
1151,0.7742984
1152,0.6180196
1153,0.3542487
1154,0.58761775
1155,0.48052067
1156,0.26118183
1157,0.7999912
1158,0.7803517
1159,0.5485436
1160,0.11530912
1161,0.89964557
1162,0.54797506
1163,0.6712525
1164,0.41009253
1165,0.068391085
1166,0.97135824
1167,0.9773157
1168,0.56004775
1169,0.6202135
1170,0.94591224
1171,0.86474055
1172,0.7471988
1173,0.89931893
1174,0.9192652
1175,0.08209312
1176,0.57556885
1177,0.4369552
1178,0.9860897
1179,0.7859392
1180,0.45920986
1181,0.1495629
1182,0.753471
1183,0.023085415
1184,0.4195475
1185,0.5798074
1186,0.9305826
1187,0.8075733
1188,0.93116176
1189,0.056502044
1190,0.92755514
1191,0.7608096
1192,0.46612287
1193,0.04032111
1194,0.13057661
1195,0.62436485
1196,0.13071185
1197,0.6178992
1198,0.59155005
1199,0.08585197
1200,0.21893698
1201,0.605199
1202,0.9215201
1203,0.03425622
1204,0.09990716
1205,0.035092115
1206,0.6505262
1207,0.4400978
1208,0.97237206
1209,0.28526312
1210,0.3203594
1211,0.90874505
1212,0.63786924
1213,0.5163661
1214,0.8645644
1215,0.3754722
1216,0.6909255
1217,0.18542367
1218,0.66837656
1219,0.042578757
1220,0.042754114
1221,0.09919101
1222,0.23171508
1223,0.2165106
1224,0.91982925
1225,0.5637121
1226,0.12863374
1227,0.34926027
1228,0.88596344
1229,0.2503134
1230,0.061101556
1231,0.4126215
1232,0.38272178
1233,0.6702286
1234,0.32736665
1235,0.27106887
1236,0.5434619
1237,0.955059
1238,0.63141215
1239,0.98895764
1240,0.7221606
1241,0.943497
1242,0.9767813
1243,0.9121925
1244,0.38847387
1245,0.7297324
1246,0.46563786
1247,0.33308542
1248,0.35062176
1249,0.06536138
1250,0.2822752
1251,0.6215564
1252,0.56065166
1253,0.5421829
1254,0.058761
1255,0.6871538
1256,0.095265865
1257,0.01887536
1258,0.017823756
1259,0.18216884
1260,0.6114501
1261,0.04729438
1262,0.8923051
1263,0.34671563
1264,0.7755082
1265,0.64021856
1266,0.77936333
1267,0.031158924
1268,0.51202685
1269,0.074114144
1270,0.121371806
1271,0.66731626
1272,0.21890688
1273,0.21074718
1274,0.58609086
1275,0.922074
1276,0.6612222
1277,0.47876728
1278,0.43031353
1279,0.10290694
1280,0.37697077
1281,0.9228801
1282,0.85734046
1283,0.06438166
1284,0.41607445
1285,0.4638223
1286,0.15508693
1287,0.6402869
1288,0.01904744
1289,0.79194593
1290,0.76088834
1291,0.22774994
1292,0.8700449
1293,0.8335645
1294,0.67291963
1295,0.07895237
1296,0.15874594
1297,0.9083464
1298,0.83955896
1299,0.88562316
1300,0.033662915
1301,0.9225441
1302,0.9785094
1303,0.4125076
1304,0.6125661
1305,0.19967419
1306,0.30118448
1307,0.58861417
1308,0.95282143
1309,0.42166406
1310,0.92765933
1311,0.36572683
1312,0.92509526
1313,0.9446891
1314,0.5181649
1315,0.88325185
1316,0.111092746
1317,0.07303393
1318,0.27983123
1319,0.06821579
1320,0.07201618
1321,0.12797213
1322,0.30025584
1323,0.9176944
1324,0.5375149
1325,0.923035
1326,0.1659894
1327,0.9624616
1328,0.86448395
1329,0.929668
1330,0.375746
1331,0.97005796
1332,0.030834973
1333,0.1876157
1334,0.069493115
1335,0.028000534
1336,0.9131068
1337,0.17408419
1338,0.96970826
1339,0.7505628
1340,0.32410538
1341,0.96732855
1342,0.6184554
1343,0.6507136
1344,0.939136
1345,0.028443515
1346,0.39447927
1347,0.9037065
1348,0.73566514
1349,0.18852693
1350,0.026450813
1351,0.59400105
1352,0.6987109
1353,0.4243256
1354,0.2570545
1355,0.8814544
1356,0.757092
1357,0.8424347
1358,0.2795483
1359,0.62810063
1360,0.38337922
1361,0.03382808
1362,0.3359202
1363,0.07639533
1364,0.49588168
1365,0.04859042
1366,0.562444
1367,0.18357307
1368,0.96594346
1369,0.82605153
1370,0.08419931
1371,0.8565756
1372,0.94777286
1373,0.29224288
1374,0.21734893
1375,0.12748414
1376,0.24183935
1377,0.92889994
1378,0.08822423
1379,0.2771476
1380,0.5855975
1381,0.828615
1382,0.67819154
1383,0.4076537
1384,0.89116025
1385,0.93671674
1386,0.51862425
1387,0.60100055
1388,0.52961206
1389,0.031095564
1390,0.7581403
1391,0.9892413
1392,0.24399877
1393,0.045255482
1394,0.6880174
1395,0.54986453
1396,0.05340475
1397,0.45543426
1398,0.59794354
1399,0.03428936
1400,0.5679176
1401,0.7357349
1402,0.4924788
1403,0.36031044
1404,0.65969133
1405,0.31654721
1406,0.10862851
1407,0.068608105
1408,0.637563
1409,0.77906096
1410,0.10207206
1411,0.18566555
1412,0.99380773
1413,0.92559034
1414,0.9499798
1415,0.7248281
1416,0.031872153
1417,0.0272879
1418,0.776672
1419,0.3512882
1420,0.52446365
1421,0.53377163
1422,0.9667787
1423,0.9812007
1424,0.5166806
1425,0.048648655
1426,0.4146433
1427,0.13247919
1428,0.991351
1429,0.10320395
1430,0.2908585
1431,0.066811144
1432,0.12603754
1433,0.9489726
1434,0.42804593
1435,0.19014835
1436,0.28983265
1437,0.5287845
1438,0.26093525
1439,0.24084544
1440,0.46401954
1441,0.24086493
1442,0.74055076
1443,0.12131941
1444,0.637323
1445,0.022398055
1446,0.051012337
1447,0.25296968
1448,0.41979033
1449,0.63401306
1450,0.43824542
1451,0.9287127
1452,0.40696448
1453,0.22462302
1454,0.7955866
1455,0.7597097
1456,0.30029327
1457,0.35849237
1458,0.32258427
1459,0.8795331
1460,0.58668643
1461,0.3951214
1462,0.57893527
1463,0.34434682
1464,0.5892595
1465,0.94826716
1466,0.35861582
1467,0.47913337
1468,0.7180815
1469,0.033388555
1470,0.10426879
1471,0.41206574
1472,0.8627685
1473,0.35084826
1474,0.1650309
1475,0.021813214
1476,0.1553033
1477,0.9195268
1478,0.14266384
1479,0.32031357
1480,0.09621489
1481,0.2697053
1482,0.017065227
1483,0.93012965
1484,0.039282262
1485,0.8821491
1486,0.89952576
1487,0.030135334
1488,0.21769834
1489,0.10543394
1490,0.3490396
1491,0.33233184
1492,0.5686575
1493,0.20522356
1494,0.059000492
1495,0.9234848
1496,0.18324977
1497,0.06323224
1498,0.9159816
1499,0.08983129
1500,0.5692943
1501,0.73807895
1502,0.8281767
1503,0.16727877
1504,0.04411173
1505,0.23596919
1506,0.4814781
1507,0.11704177
1508,0.017056346
1509,0.5661131
1510,0.081171155
1511,0.9325938
1512,0.065428495
1513,0.06998962
1514,0.3262173
1515,0.061971366
1516,0.23236138
1517,0.517538
1518,0.32044828
1519,0.5059569
1520,0.047156513
1521,0.70030475
1522,0.34308356
1523,0.056601703
1524,0.5911751
1525,0.40748882
1526,0.34743845
1527,0.9703323
1528,0.43657035
1529,0.11655444
1530,0.3677162
1531,0.40624493
1532,0.3730728
1533,0.6821244
1534,0.7800442
1535,0.13207251
1536,0.80730367
1537,0.9862989
1538,0.38301992
1539,0.048892856
1540,0.6365732
1541,0.30640966
1542,0.925602
1543,0.93063635
1544,0.13372284
1545,0.058071494
1546,0.39360863
1547,0.5827469
1548,0.5017687
1549,0.30269676
1550,0.93999696
1551,0.2606699
1552,0.84613633
1553,0.015436292
1554,0.5144863
1555,0.5455399
1556,0.94518256
1557,0.9303412
1558,0.023156643
1559,0.4021594
1560,0.43055743
1561,0.6467334
1562,0.9436327
1563,0.70383245
1564,0.47252882
1565,0.61882436
1566,0.92754024
1567,0.07826328
1568,0.06640446
1569,0.9862174
1570,0.16297728
1571,0.40614057
1572,0.97773415
1573,0.37886763
1574,0.4929741
1575,0.22598636
1576,0.28605503
1577,0.967514
1578,0.8857976
1579,0.6596043
1580,0.51701415
1581,0.8299214
1582,0.13071525
1583,0.156622
1584,0.986973
1585,0.7921084
1586,0.9756721
1587,0.09075123
1588,0.17289263
1589,0.4509549
1590,0.09028286
1591,0.51941323
1592,0.10269189
1593,0.27335334
1594,0.292566
1595,0.9175647
1596,0.47083908
1597,0.23433578
1598,0.32871592
1599,0.7184149
1600,0.35036266
1601,0.91417164
1602,0.04422444
1603,0.6194698
1604,0.04842341
1605,0.772088
1606,0.9763261
1607,0.3504513
1608,0.39066303
1609,0.9916761
1610,0.23706245
1611,0.33042586
1612,0.18103135
1613,0.97382253
1614,0.23994601
1615,0.9735989
1616,0.501174
1617,0.088202596
1618,0.48405033
1619,0.07745534
1620,0.718212
1621,0.20865011
1622,0.9124893
1623,0.62993836
1624,0.58261603
1625,0.59647405
1626,0.058227897
1627,0.720268
1628,0.062407553
1629,0.9341389
1630,0.43470532
1631,0.14335227
1632,0.6592622
1633,0.7501395
1634,0.5910789
1635,0.030876279
1636,0.3455615
1637,0.92828643
1638,0.21658272
1639,0.89972967
1640,0.44985223
1641,0.02630359
1642,0.025843441
1643,0.28277826
1644,0.44621235
1645,0.44979924
1646,0.042170346
1647,0.14586121
1648,0.020639896
1649,0.466577
1650,0.8992499
1651,0.9475594
1652,0.02256751
1653,0.48359776
1654,0.3954327
1655,0.086324215
1656,0.107134104
1657,0.56746304
1658,0.36839485
1659,0.9445971
1660,0.87420654
1661,0.21262628
1662,0.023740292
1663,0.9638192
1664,0.05901146
1665,0.049128294
1666,0.23913026
1667,0.8921064
1668,0.89333093
1669,0.8057247
1670,0.5809358
1671,0.36079806
1672,0.05644858
1673,0.4106316
1674,0.7644274
1675,0.29684198
1676,0.6401795
1677,0.6726024
1678,0.32341528
1679,0.25274736
1680,0.92549545
1681,0.31173468
1682,0.04853666
1683,0.32309443
1684,0.44675958
1685,0.7338528
1686,0.37045878
1687,0.2728995
1688,0.90819
1689,0.4472199
1690,0.9734508
1691,0.026236892
1692,0.8053138
1693,0.04699546
1694,0.48949718
1695,0.4085878
1696,0.5342958
1697,0.9618163
1698,0.7981566
1699,0.40927088
1700,0.2631337
1701,0.14063042
1702,0.6899092
1703,0.44651258
1704,0.030126095
1705,0.7587095
1706,0.61052114
1707,0.9405569
1708,0.57039344
1709,0.42833173
1710,0.761776
1711,0.105047226
1712,0.85102063
1713,0.50940716
1714,0.073492825
1715,0.5115651
1716,0.0638414
1717,0.084483266
1718,0.6424683
1719,0.3068053
1720,0.09066373
1721,0.7712132
1722,0.9757394
1723,0.932586
1724,0.95019907
1725,0.8844011
1726,0.27228707
1727,0.5801804
1728,0.18324977
1729,0.5404544
1730,0.26336867
1731,0.9699231
1732,0.96983534
1733,0.9645073
1734,0.5550694
1735,0.33731312
1736,0.15357083
1737,0.3867193
1738,0.4957044
1739,0.729758
1740,0.3849681
1741,0.23403835
1742,0.21657997
1743,0.14203697
1744,0.7181708
1745,0.516752
1746,0.06634241
1747,0.17869073
1748,0.48435646
1749,0.6418379
1750,0.83839744
1751,0.27905124
1752,0.5528209
1753,0.30222988
1754,0.45552254
1755,0.62875545
1756,0.08406901
1757,0.079931974
1758,0.77053255
1759,0.572253
1760,0.362163
1761,0.09493476
1762,0.39859223
1763,0.6722981
1764,0.9756721
1765,0.8874478
1766,0.041876912
1767,0.76081544
1768,0.06275511
1769,0.4557492
1770,0.974209
1771,0.08400953
1772,0.602373
1773,0.6134244
1774,0.41930562
1775,0.0712114
1776,0.51447725
1777,0.68189836
1778,0.43847096
1779,0.474082
1780,0.99263686
1781,0.72597706
1782,0.3644358
1783,0.013382137
1784,0.98202705
1785,0.9642692
1786,0.40023655
1787,0.5526321
1788,0.09079331
1789,0.39312005
1790,0.47445458
1791,0.68507254
1792,0.35592127
1793,0.11059034
1794,0.90084195
1795,0.027238011
1796,0.045514345
1797,0.26565838
1798,0.5774704
1799,0.9790679
1800,0.7974868
1801,0.78068197
1802,0.062029302
1803,0.130553
1804,0.01516211
1805,0.47444928
1806,0.31082332
1807,0.090878844
1808,0.08451891
1809,0.04263687
1810,0.79071206
1811,0.7266581
1812,0.096007526
1813,0.76992613
1814,0.1518603
1815,0.9901616
1816,0.92275727
1817,0.9102527
1818,0.18573093
1819,0.5941967
1820,0.1511963
1821,0.1356827
1822,0.60752976
1823,0.79555476
1824,0.16075212
1825,0.37239093
1826,0.037888587
1827,0.036829293
1828,0.5761272
1829,0.79461634
1830,0.44015944
1831,0.95867944
1832,0.82141864
1833,0.14511186
1834,0.6384951
1835,0.86869746
1836,0.13500226
1837,0.086778104
1838,0.68990314
1839,0.93293655
1840,0.22056937
1841,0.03919202
1842,0.9809101
1843,0.082467675
1844,0.9246029
1845,0.03826362
1846,0.98300624
1847,0.36544186
1848,0.9230399
1849,0.95217997
1850,0.2909655
1851,0.73936594
1852,0.23578411
1853,0.9308162
1854,0.67122626
1855,0.9717769
1856,0.6698977
1857,0.94613576
1858,0.54013324
1859,0.87011194
1860,0.098552406
1861,0.06848794
1862,0.5337013
1863,0.32421452
1864,0.5764477
1865,0.043877244
1866,0.7650248
1867,0.61163056
1868,0.91287446
1869,0.045443416
1870,0.80527765
1871,0.12374467
1872,0.7582525
1873,0.70875144
1874,0.70981205
1875,0.09161574
1876,0.87640226
1877,0.44014722
1878,0.92984426
1879,0.9666129
1880,0.6792576
1881,0.16113466
1882,0.80732733
1883,0.5323609
1884,0.6651873
1885,0.92672896
1886,0.08212292
1887,0.3925094
1888,0.48576218
1889,0.91154265
1890,0.37459922
1891,0.27780986
1892,0.4415483
1893,0.8275528
1894,0.63910794
1895,0.20356274
1896,0.8437936
1897,0.7290234
1898,0.04831493
1899,0.32207745
1900,0.5512512
1901,0.2659738
1902,0.64693916
1903,0.73383677
1904,0.97668236
1905,0.960821
1906,0.49986857
1907,0.35467392
1908,0.8895242
1909,0.24112397
1910,0.95972145
1911,0.80042046
1912,0.63600624
1913,0.6959809
1914,0.5911651
1915,0.58737296
1916,0.57231855
1917,0.45336962
1918,0.5090486
1919,0.9796042
1920,0.913471
1921,0.46395993
1922,0.35112435
1923,0.89414513
1924,0.30541414
1925,0.8967655
1926,0.9087033
1927,0.7935641
1928,0.17548525
1929,0.06436747
1930,0.025738716
1931,0.41189677
1932,0.07612914
1933,0.105342925
1934,0.43033898
1935,0.39440435
1936,0.042170346
1937,0.055815637
1938,0.46790022
1939,0.6061969
1940,0.21141243
1941,0.032717466
1942,0.97723377
1943,0.1371702
1944,0.92277586
1945,0.25485086
1946,0.505347
1947,0.033497214
1948,0.97012466
1949,0.967322
1950,0.6267567
1951,0.64893234
1952,0.65969133
1953,0.97062355
1954,0.2827084
1955,0.33640832
1956,0.55409956
1957,0.17785943
1958,0.818709
1959,0.5718082
1960,0.25557965
1961,0.9625074
1962,0.9090092
1963,0.31462902
1964,0.4660049
1965,0.9912581
1966,0.9483577
1967,0.15643913
1968,0.40320933
1969,0.48333865
1970,0.45283425
1971,0.7508991
1972,0.08032465
1973,0.6536434
1974,0.33775014
1975,0.8940016
1976,0.71618414
1977,0.23340923
1978,0.633114
1979,0.066995084
1980,0.0324499
1981,0.5460633
1982,0.96138585
1983,0.7988848
1984,0.072473526
1985,0.121281326
1986,0.86009526
1987,0.06033063
1988,0.10357076
1989,0.75744677
1990,0.20068681
1991,0.4433009
1992,0.44521713
1993,0.9520321
1994,0.63833666
1995,0.19788522
1996,0.46391433
1997,0.44306302
1998,0.022160172
1999,0.96128166
2000,0.6930232
2001,0.9620939
2002,0.49098092
2003,0.08402181
2004,0.89993024
2005,0.08831149
2006,0.56960976
2007,0.7442645
2008,0.533293
2009,0.7159024
2010,0.09880036
2011,0.07309282
2012,0.92111033
2013,0.5775182
2014,0.04718578
2015,0.15466297
2016,0.9874619
2017,0.40198034
2018,0.05008155
2019,0.5517524
2020,0.98774993
2021,0.17009407
2022,0.009871542
2023,0.76468015
2024,0.9024998
2025,0.97204286
2026,0.01122123
2027,0.58646953
2028,0.55148506
2029,0.3357777
2030,0.02906853
2031,0.959741
2032,0.049721718
2033,0.11940414
2034,0.3713833
2035,0.038366735
2036,0.9843627
2037,0.57466656
2038,0.30420882
2039,0.5151341
2040,0.4476601
2041,0.50146204
2042,0.019882381
2043,0.34029
2044,0.85652566
2045,0.46302497
2046,0.49412566
2047,0.029132843
2048,0.0780099
2049,0.04139471
2050,0.7608614
2051,0.37306505
2052,0.05935228
2053,0.98606986
2054,0.24787462
2055,0.15037417
2056,0.17259407
2057,0.9792074
2058,0.42699546
2059,0.6812831
2060,0.43137878
2061,0.975691
2062,0.7271645
2063,0.23073977
2064,0.056845665
2065,0.10679978
2066,0.40614057
2067,0.052113175
2068,0.36867803
2069,0.51277137
2070,0.5593798
2071,0.9501526
2072,0.94298285
2073,0.4255129
2074,0.05951512
2075,0.91252416
2076,0.54485714
2077,0.39320034
2078,0.89498293
2079,0.12957084
2080,0.043337047
2081,0.06768757
2082,0.7106577
2083,0.04897201
2084,0.85030234
2085,0.7173209
2086,0.7282665
2087,0.11619598
2088,0.52654433
2089,0.71485394
2090,0.63919085
2091,0.43499815
2092,0.82643056
2093,0.8867099
2094,0.3962357
2095,0.9217762
2096,0.68895775
2097,0.11129689
2098,0.03812921
2099,0.3951214
2100,0.21316177
2101,0.7688196
2102,0.21348351
2103,0.5882702
2104,0.55308443
2105,0.43116373
2106,0.10151374
2107,0.47612202
2108,0.5369868
2109,0.14245272
2110,0.543638
2111,0.4680797
2112,0.68719447
2113,0.69726217
2114,0.6693721
2115,0.56031597
2116,0.6301719
2117,0.6044539
2118,0.71961105
2119,0.26270664
2120,0.9613938
2121,0.9192474
2122,0.15030086
2123,0.9302016
2124,0.11406374
2125,0.43321103
2126,0.99384695
2127,0.53951085
2128,0.025341272
2129,0.19903928
2130,0.95147234
2131,0.94817513
2132,0.9604222
2133,0.51670647
2134,0.69152033
2135,0.05838859
2136,0.7148714
2137,0.99222213
2138,0.24280608
2139,0.14027011
2140,0.51175606
2141,0.09846437
2142,0.7230959
2143,0.6854591
2144,0.9252496
2145,0.17044973
2146,0.7407321
2147,0.33061916
2148,0.19370061
2149,0.9664434
2150,0.19087309
2151,0.22457951
2152,0.8483515
2153,0.6779442
2154,0.562724
2155,0.337965
2156,0.94780433
2157,0.9565165
2158,0.67325807
2159,0.19764078
2160,0.8023566
2161,0.36129904
2162,0.8565799
2163,0.7873889
2164,0.43855995
2165,0.397637
2166,0.022558868
2167,0.076352715
2168,0.5867268
2169,0.57565004
2170,0.12194973
2171,0.8537047
2172,0.7515005
2173,0.66149586
2174,0.3369373
2175,0.2766223
2176,0.97351146
2177,0.8179162
2178,0.6902915
2179,0.562523
2180,0.54500264
2181,0.6001428
2182,0.93737334
2183,0.8584826
2184,0.66663575
2185,0.9621931
2186,0.27896506
2187,0.67928463
2188,0.9654736
2189,0.56793416
2190,0.9760323
2191,0.6023172
2192,0.57344496
2193,0.015054226
2194,0.04919797
2195,0.4663502
2196,0.9682389
2197,0.19383103
2198,0.67450297
2199,0.92577034
2200,0.04422444
2201,0.34120244
2202,0.24984998
2203,0.4099186
2204,0.022495747
2205,0.7636697
2206,0.5311175
2207,0.17956293
2208,0.2935741
2209,0.66013575
2210,0.2881511
2211,0.7232814
2212,0.40673852
2213,0.68430465
2214,0.3806103
2215,0.13323385
2216,0.5897877
2217,0.09136462
2218,0.7816557
2219,0.047762692
2220,0.012984991
2221,0.63174933
2222,0.10113436
2223,0.45092297
2224,0.13470763
2225,0.9673069
2226,0.3403389
2227,0.98204833
2228,0.9645469
2229,0.51670563
2230,0.32962555
2231,0.29655367
2232,0.3649227
2233,0.16303128
2234,0.46753556
2235,0.23443377
2236,0.42707044
2237,0.12709385
2238,0.85646415
2239,0.062242985
2240,0.23882818
2241,0.07325834
2242,0.39869887
2243,0.049217463
2244,0.7066431
2245,0.7640941
2246,0.21316046
2247,0.025739849
2248,0.25966167
2249,0.70782304
2250,0.046985388
2251,0.08339518
2252,0.56078553
2253,0.91621935
2254,0.3618647
2255,0.05050081
2256,0.604222
2257,0.89403814
2258,0.0921976
2259,0.73807895
2260,0.1724667
2261,0.78905696
2262,0.4793383
2263,0.21979278
2264,0.09504706
2265,0.98974085
2266,0.5823419
2267,0.9707387
2268,0.2698707
2269,0.028101325
2270,0.72370714
2271,0.91210955
2272,0.36040026
2273,0.058264792
2274,0.03939712
2275,0.03954953
2276,0.4796543
2277,0.95598876
2278,0.7942449
2279,0.44531804
2280,0.028450966
2281,0.9386111
2282,0.18171012
2283,0.37672627
2284,0.7924991
2285,0.2924376
2286,0.8106842
2287,0.8782157
2288,0.5974059
2289,0.9127387
2290,0.8555403
2291,0.61402434
2292,0.10170746
2293,0.64434946
2294,0.8799113
2295,0.5067148
2296,0.81781995
2297,0.21364892
2298,0.5146587
2299,0.36678112
2300,0.65958065
2301,0.31285304
2302,0.03954655
2303,0.033986986
2304,0.8198289
2305,0.20067346
2306,0.8907367
2307,0.41733962
2308,0.444807
2309,0.5543568
2310,0.7662978
2311,0.9698661
2312,0.98158103
2313,0.25623602
2314,0.64589036
2315,0.69815713
2316,0.054008484
2317,0.40109402
2318,0.32541382
2319,0.7261268
2320,0.9004155
2321,0.0862031
2322,0.77588576
2323,0.42569238
2324,0.27378386
2325,0.3728441
2326,0.38177985
2327,0.4450428
2328,0.15673077
2329,0.58107316
2330,0.30949938
2331,0.8170549
2332,0.9648483
2333,0.74458605
2334,0.06310797
2335,0.083274186
2336,0.31541175
2337,0.034810603
2338,0.14715338
2339,0.9192814
2340,0.8084265
2341,0.16031092
2342,0.65603065
2343,0.31451684
2344,0.02677387
2345,0.59926194
2346,0.48256588
2347,0.90572256
2348,0.7605115
2349,0.19211078
2350,0.051427186
2351,0.89413893
2352,0.6003523
2353,0.98182464
2354,0.23809552
2355,0.042724848
2356,0.04023391
2357,0.333866
2358,0.029397905
2359,0.44892192
2360,0.1748743
2361,0.11687958
2362,0.093322456
2363,0.06346446
2364,0.63971627
2365,0.71608245
2366,0.8670989
2367,0.78641874
2368,0.10817504
2369,0.079281926
2370,0.68364704
2371,0.11525023
2372,0.14390618
2373,0.737633
2374,0.6329087
2375,0.19135994
2376,0.55754757
2377,0.4365273
2378,0.6560925
2379,0.07488185
2380,0.6864421
2381,0.09305608
2382,0.37524903
2383,0.9832119
2384,0.61729556
2385,0.9717769
2386,0.18476498
2387,0.13651007
2388,0.27212983
2389,0.69454217
2390,0.822228
2391,0.6307578
2392,0.89991605
2393,0.24558741
2394,0.13073552
2395,0.7493977
2396,0.6193156
2397,0.4113769
2398,0.9834033
2399,0.95112026
2400,0.09712082
2401,0.5911651
2402,0.45746768
2403,0.925621
2404,0.024719715
2405,0.63170165
2406,0.3938374
2407,0.21480417
2408,0.9682917
2409,0.90443426
2410,0.8251641
2411,0.53189766
2412,0.97950727
2413,0.4377954
2414,0.36438382
2415,0.25318575
2416,0.9463274
2417,0.30225968
2418,0.10141289
2419,0.83910656
2420,0.33522642
2421,0.6319015
2422,0.5240518
2423,0.9630016
2424,0.5744102
2425,0.6100682
2426,0.29065514
2427,0.09095067
2428,0.13854462
2429,0.33970356
2430,0.5792502
2431,0.17728233
2432,0.8498071
2433,0.7046594
2434,0.0499416
2435,0.17110682
2436,0.34883344
2437,0.5077379
2438,0.89301014
2439,0.45703298
2440,0.87385094
2441,0.041626036
2442,0.07897836
2443,0.7649034
2444,0.01065439
2445,0.1815446
2446,0.96334714
2447,0.65661275
2448,0.3129267
2449,0.7178236
2450,0.7084473
2451,0.9679454
2452,0.43139493
2453,0.47431743
2454,0.045114398
2455,0.9097814
2456,0.31732106
2457,0.18134093
2458,0.7657044
2459,0.05321026
2460,0.013828695
2461,0.44344264
2462,0.5337609
2463,0.061915994
2464,0.84573615
2465,0.14776725
2466,0.42734092
2467,0.941466
2468,0.034145653
2469,0.6191451
2470,0.8554272
2471,0.3142656
2472,0.5229839
2473,0.040433407
2474,0.22209787
2475,0.68413794
2476,0.042894542
2477,0.072369635
2478,0.3527891
2479,0.9780691
2480,0.04844731
2481,0.6731942
2482,0.81476057
2483,0.3861928
2484,0.15168256
2485,0.08406812
2486,0.80175424
2487,0.0344463
2488,0.7806962
2489,0.81755346
2490,0.043566346
2491,0.17780721
2492,0.34190285
2493,0.35465693
2494,0.31530738
2495,0.991075
2496,0.4188696
2497,0.9890236
2498,0.5859312
2499,0.5001097
2500,0.7662978
2501,0.8738477
2502,0.4096623
2503,0.96215826
2504,0.015786648
2505,0.91589767
2506,0.6559721
2507,0.91171473
2508,0.3787626
2509,0.12854171
2510,0.4657207
2511,0.8255507
2512,0.1916362
2513,0.3920952
2514,0.9708369
2515,0.12999076
2516,0.9717835
2517,0.51817584
2518,0.63360167
2519,0.9659827
2520,0.07161236
2521,0.0788067
2522,0.8843889
2523,0.5292305
2524,0.9571178
2525,0.16583955
2526,0.8756385
2527,0.98963964
2528,0.05629307
2529,0.8081315
2530,0.40271652
2531,0.63682705
2532,0.23936361
2533,0.55593896
2534,0.038366735
2535,0.32156807
2536,0.51221776
2537,0.14485073
2538,0.1002928
2539,0.28866297
2540,0.33012646
2541,0.29170704
2542,0.5396707
2543,0.08018106
2544,0.6406262
2545,0.94419336
2546,0.96217
2547,0.5522654
2548,0.2788205
2549,0.0517686
2550,0.6052227
2551,0.5473974
2552,0.102329195
2553,0.35872686
2554,0.04377556
2555,0.40518188
2556,0.27947956
2557,0.47960132
2558,0.45182127
2559,0.9165057
2560,0.46418136
2561,0.89414513
2562,0.8385339
2563,0.8139379
2564,0.97028136
2565,0.13832861
2566,0.47250932
2567,0.7597153
2568,0.94743913
2569,0.6233946
2570,0.123776495
2571,0.21914339
2572,0.053869605
2573,0.6254046
2574,0.7269861
2575,0.5311739
2576,0.70609385
2577,0.4176793
2578,0.7824218
2579,0.13538426
2580,0.54797506
2581,0.19015223
2582,0.9017465
2583,0.5583861
2584,0.34486425
2585,0.34773874
2586,0.5743175
2587,0.5679176
2588,0.048945785
2589,0.6944034
2590,0.292318
2591,0.21939206
2592,0.022823453
2593,0.77560025
2594,0.6045254
2595,0.40311533
2596,0.107257545
2597,0.7489072
2598,0.9284146
2599,0.9246351
2600,0.3605817
2601,0.21012759
2602,0.8618268
2603,0.6976081
2604,0.028000534
2605,0.41881818
2606,0.87032145
2607,0.8846131
2608,0.97862047
2609,0.24742466
2610,0.61355567
2611,0.19672388
2612,0.07387322
2613,0.9000839
2614,0.046070933
2615,0.9344338
2616,0.8609971
2617,0.70875144
2618,0.29731715
2619,0.27327722
2620,0.6931584
2621,0.9162091
2622,0.09808111
2623,0.1706469
2624,0.96217775
2625,0.67133904
2626,0.5423032
2627,0.19793123
2628,0.9342336
2629,0.27062726
2630,0.17748743
2631,0.08270627
2632,0.48702985
2633,0.36617702
2634,0.77896607
2635,0.22242212
2636,0.021366537
2637,0.9808208
2638,0.33054727
2639,0.98199373
2640,0.440813
2641,0.1394859
2642,0.95605683
2643,0.947668
2644,0.42090118
2645,0.4799381
2646,0.13313407
2647,0.4477508
2648,0.7064272
2649,0.25806433
2650,0.49957818
2651,0.036599696
2652,0.36221242
2653,0.10308206
2654,0.6889601
2655,0.419325
2656,0.13275987
2657,0.10889351
2658,0.24559486
2659,0.2585721
2660,0.40497255
2661,0.08257395
2662,0.12496561
2663,0.9344359
2664,0.27103794
2665,0.5661979
2666,0.8581253
2667,0.7812638
2668,0.36821198
2669,0.9196149
2670,0.882952
2671,0.10576254
2672,0.7453101
2673,0.7778183
2674,0.6247778
2675,0.38094223
2676,0.5642936
2677,0.44865227
2678,0.86090153
2679,0.7926677
2680,0.5490121
2681,0.6669332
2682,0.8757161
2683,0.59745467
2684,0.6702286
2685,0.7380343
2686,0.75861907
2687,0.86585164
2688,0.035506964
2689,0.968588
2690,0.6902946
2691,0.06496161
2692,0.032819808
2693,0.6632113
2694,0.98382145
2695,0.5821465
2696,0.46127242
2697,0.93844813
2698,0.04457128
2699,0.025977194
2700,0.42293
2701,0.39880788
2702,0.8642275
2703,0.17221946
2704,0.14421153
2705,0.44767976
2706,0.5031903
2707,0.6155859
2708,0.039913476
2709,0.94069344
2710,0.26923788
2711,0.5129256
2712,0.3939687
2713,0.050505638
2714,0.43577456
2715,0.6384088
2716,0.9911488
2717,0.9387597
2718,0.11982852
2719,0.48513967
2720,0.8217018
2721,0.20880431
2722,0.18216461
2723,0.59580207
2724,0.96720827
2725,0.85046196
2726,0.16814291
2727,0.09888196
2728,0.023354411
2729,0.9778085
2730,0.4951458
2731,0.45651364
2732,0.056967676
2733,0.23932916
2734,0.9704267
2735,0.7787808
2736,0.59004426
2737,0.04050696
2738,0.5969337
2739,0.95853275
2740,0.38498658
2741,0.17157519
2742,0.14311671
2743,0.60511744
2744,0.10000032
2745,0.35196382
2746,0.84763443
2747,0.08717239
2748,0.026570559
2749,0.9348569
2750,0.4459567
2751,0.09286553
2752,0.68911767
2753,0.8498747
2754,0.78915733
2755,0.8826685
2756,0.11821747
2757,0.14947224
2758,0.8661327
2759,0.01603508
2760,0.7976944
2761,0.95073855
2762,0.8339858
2763,0.16013521
2764,0.5747055
2765,0.8955732
2766,0.34608036
2767,0.12543261
2768,0.13227952
2769,0.13907462
2770,0.89972967
2771,0.41686475
2772,0.95853275
2773,0.19740033
2774,0.7760092
2775,0.19926357
2776,0.87119985
2777,0.125166
2778,0.6976795
2779,0.9217372
2780,0.052113175
2781,0.520723
2782,0.66125315
2783,0.4768377
2784,0.9512662
2785,0.16045159
2786,0.25844783
2787,0.95326436
2788,0.2661879
2789,0.20144391
2790,0.10254103
2791,0.9594732
2792,0.9823116
2793,0.58033824
2794,0.5432309
2795,0.39649504
2796,0.541935
2797,0.7975199
2798,0.5809358
2799,0.111567974
2800,0.6499951
2801,0.16520816
2802,0.47027564
2803,0.9439208
2804,0.34501392
2805,0.094147205
2806,0.19976532
2807,0.46169186
2808,0.96627855
2809,0.23086661
2810,0.33892852
2811,0.98333424
2812,0.47417665
2813,0.10162145
2814,0.061539233
2815,0.33640927
2816,0.2872011
2817,0.3918627
2818,0.046599805
2819,0.47938007
2820,0.8661798
2821,0.5174952
2822,0.92818964
2823,0.019286692
2824,0.3159991
2825,0.19092518
2826,0.4046768
2827,0.7611724
2828,0.6531716
2829,0.9628577
2830,0.34754848
2831,0.8046782
2832,0.02746135
2833,0.7597594
2834,0.6793419
2835,0.46637052
2836,0.25607806
2837,0.020120084
2838,0.9349739
2839,0.91411763
2840,0.3326285
2841,0.39714664
2842,0.85643137
2843,0.46917707
2844,0.96277833
2845,0.34034938
2846,0.3714382
2847,0.23448575
2848,0.71671784
2849,0.031117737
2850,0.115807
2851,0.06288189
2852,0.0881722
2853,0.7444916
2854,0.04297048
2855,0.8328471
2856,0.0168975
2857,0.59872687
2858,0.03935498
2859,0.9877159
2860,0.7167835
2861,0.61197704
2862,0.507233
2863,0.718814
2864,0.284795
2865,0.15818626
2866,0.047530532
2867,0.10170746
2868,0.09832531
2869,0.8466848
2870,0.7439785
2871,0.07036805
2872,0.74544835
2873,0.6637541
2874,0.3397103
2875,0.3529299
2876,0.90904534
2877,0.47553217
2878,0.33571744
2879,0.12369937
2880,0.29673773
2881,0.57231367
2882,0.556335
2883,0.93591577
2884,0.6338516
2885,0.9283007
2886,0.26270133
2887,0.7115233
2888,0.9786976
2889,0.7183372
2890,0.034465313
2891,0.4399109
2892,0.54403687
2893,0.43847626
2894,0.6296242
2895,0.5176345
2896,0.9900963
2897,0.127967
2898,0.4381162
2899,0.6212677
2900,0.03204274
2901,0.98875326
2902,0.9511331
2903,0.35178846
2904,0.09745723
2905,0.8107344
2906,0.17609036
2907,0.14507604
2908,0.07734281
2909,0.012241542
2910,0.27730876
2911,0.53471243
2912,0.41867095
2913,0.959767
2914,0.09146041
2915,0.7706181
2916,0.76107717
2917,0.10482317
2918,0.6122314
2919,0.2535404
2920,0.38990045
2921,0.47481674
2922,0.47129774
2923,0.68839985
2924,0.28865868
2925,0.30711192
2926,0.40753198
2927,0.3650527
2928,0.06606758
2929,0.78118765
2930,0.8160808
2931,0.3245759
2932,0.58496475
2933,0.04182428
2934,0.65264416
2935,0.42579257
2936,0.7680018
2937,0.65602994
2938,0.6595641
2939,0.75531363
2940,0.1040113
2941,0.588736
2942,0.91130984
2943,0.31542856
2944,0.97299755
2945,0.104567766
2946,0.9654177
2947,0.30499965
2948,0.50102806
2949,0.06847572
2950,0.7921084
2951,0.09907049
2952,0.13607508
2953,0.92322314
2954,0.27896684
2955,0.6875739
2956,0.48283368
2957,0.11492324
2958,0.73045754
2959,0.1797995
2960,0.49643534
2961,0.7417213
2962,0.6602202
2963,0.32367986
2964,0.12568504
2965,0.14456213
2966,0.6061015
2967,0.88462764
2968,0.8636504
2969,0.85943496
2970,0.30968213
2971,0.7160401
2972,0.10265052
2973,0.586014
2974,0.2381069
2975,0.9837111
2976,0.55772173
2977,0.17910147
2978,0.21712261
2979,0.055402875
2980,0.7521789
2981,0.3776561
2982,0.9858622
2983,0.9627477
2984,0.10464156
2985,0.24164689
2986,0.7776133
2987,0.4274931
2988,0.96722364
2989,0.42602116
2990,0.46269107
2991,0.53032404
2992,0.9483467
2993,0.8918923
2994,0.6790687
2995,0.606462
2996,0.708625
2997,0.05213213
2998,0.37401795
2999,0.66391087
3000,0.8112771
3001,0.8112771
3002,0.5214242
3003,0.6377075
3004,0.94551533
3005,0.15667701
3006,0.2994659
3007,0.9034358
3008,0.049528897
3009,0.12133241
3010,0.35515785
3011,0.3197565
3012,0.09368271
3013,0.74544835
3014,0.09530288
3015,0.8568407
3016,0.68587065
3017,0.65630335
3018,0.05835867
3019,0.5010973
3020,0.32808065
3021,0.2517488
3022,0.6018472
3023,0.0133984685
3024,0.2795018
3025,0.7087184
3026,0.32901543
3027,0.5917753
3028,0.023446977
3029,0.07343584
3030,0.6701684
3031,0.16633463
3032,0.06657004
3033,0.10134512
3034,0.9757152
3035,0.18795282
3036,0.28032947
3037,0.49014598
3038,0.89871883
3039,0.57826567
3040,0.20539504
3041,0.6976795
3042,0.54821396
3043,0.05817449
3044,0.73742867
3045,0.6445941
3046,0.026160002
3047,0.52362883
3048,0.01822102
3049,0.19592524
3050,0.5820521
3051,0.95598876
3052,0.049128294
3053,0.09261054
3054,0.04353136
3055,0.7954191
3056,0.88057137
3057,0.3434261
3058,0.4332651
3059,0.022130907
3060,0.24477404
3061,0.04428619
3062,0.7919594
3063,0.92919105
3064,0.78937757
3065,0.15781504
3066,0.074255705
3067,0.2595201
3068,0.17771024
3069,0.8424347
3070,0.31940073
3071,0.76346165
3072,0.05344242
3073,0.64555573
3074,0.7721263
3075,0.953721
3076,0.035241723
3077,0.9138651
3078,0.02554077
3079,0.03276205
3080,0.020869315
3081,0.36844337
3082,0.127967
3083,0.7641854
3084,0.45564276
3085,0.11277926
3086,0.81918114
3087,0.018289387
3088,0.93076444
3089,0.75357366
3090,0.35533714
3091,0.87473583
3092,0.01173681
3093,0.3951214
3094,0.38873893
3095,0.83660275
3096,0.88690865
3097,0.31602794
3098,0.04276043
3099,0.34095317
3100,0.3598656
3101,0.4607563
3102,0.78770703
3103,0.6577563
3104,0.60939944
3105,0.039591193
3106,0.98329115
3107,0.9845237
3108,0.9020785
3109,0.80279505
3110,0.32718468
3111,0.042070568
3112,0.5945666
3113,0.6160325
3114,0.20193219
3115,0.49603242
3116,0.35637498
3117,0.8100351
3118,0.85909617
3119,0.11505115
3120,0.11985588
3121,0.6996298
3122,0.76302
3123,0.49720538
3124,0.84962165
3125,0.9653571
3126,0.68104047
3127,0.16145432
3128,0.4437806
3129,0.08635068
3130,0.09130567
3131,0.61315763
3132,0.06906992
3133,0.07362431
3134,0.10308206
3135,0.39865154
3136,0.06726378
3137,0.14092493
3138,0.2062723
3139,0.8799113
3140,0.9741651
3141,0.30907965
3142,0.63711274
3143,0.080001414
3144,0.17529988
3145,0.8473023
3146,0.8281437
3147,0.027569234
3148,0.35402793
3149,0.7985067
3150,0.16198558
3151,0.8216865
3152,0.085348904
3153,0.63479936
3154,0.3551436
3155,0.88374585
3156,0.703035
3157,0.030884445
3158,0.4177057
3159,0.9760982
3160,0.22399986
3161,0.40419298
3162,0.13398308
3163,0.65499043
3164,0.3594873
3165,0.3406371
3166,0.7019634
3167,0.14922994
3168,0.19948608
3169,0.7276627
3170,0.34719115
3171,0.10272765
3172,0.60203457
3173,0.9762321
3174,0.13971686
3175,0.39584625
3176,0.922074
3177,0.06590235
3178,0.5046443
3179,0.14225173
3180,0.6868324
3181,0.8064648
3182,0.2958979
3183,0.8694633
3184,0.6207905
3185,0.9696948
3186,0.8817614
3187,0.32017708
3188,0.61857665
3189,0.72364783
3190,0.03386146
3191,0.9909193
3192,0.599444
3193,0.07294381
3194,0.92366284
3195,0.5109547
3196,0.20621574
3197,0.47775936
3198,0.47459924
3199,0.6609204
3200,0.9489155
3201,0.07237738
3202,0.44161016
3203,0.91047245
3204,0.75134075
3205,0.5288711
3206,0.71327126
3207,0.06362659
3208,0.2879634
3209,0.04698032
3210,0.3861928
3211,0.2921695
3212,0.5354599
3213,0.33350682
3214,0.1735757
3215,0.76136935
3216,0.34364468
3217,0.8015116
3218,0.53699553
3219,0.9407307
3220,0.40324837
3221,0.7418663
3222,0.06609213
3223,0.24049163
3224,0.105386436
3225,0.8879231
3226,0.7049695
3227,0.4201491
3228,0.80794066
3229,0.5239023
3230,0.32957977
3231,0.9713016
3232,0.78513795
3233,0.77165926
3234,0.7144944
3235,0.15219355
3236,0.9833295
3237,0.55300695
3238,0.7614241
3239,0.98667634
3240,0.86668766
3241,0.79671
3242,0.16907912
3243,0.816186
3244,0.34219664
3245,0.14511186
3246,0.71525896
3247,0.062173128
3248,0.26554996
3249,0.34254676
3250,0.031108439
3251,0.07425833
3252,0.9965629
3253,0.5583756
3254,0.023412645
3255,0.46043974
3256,0.09351194
3257,0.98247254
3258,0.58338004
3259,0.62226945
3260,0.29944927
3261,0.45526838
3262,0.5053755
3263,0.44555235
3264,0.8378477
3265,0.5539974
3266,0.9942734
3267,0.34730804
3268,0.06041032
3269,0.43298763
3270,0.90084195
3271,0.8611692
3272,0.9390855
3273,0.5170151
3274,0.31061244
3275,0.18836486
3276,0.93758196
3277,0.28196484
3278,0.06722009
3279,0.6383612
3280,0.041959524
3281,0.037624896
3282,0.108857274
3283,0.17183036
3284,0.41243917
3285,0.05604148
3286,0.7980274
3287,0.9354377
3288,0.5401726
3289,0.54353213
3290,0.6419982
3291,0.01829654
3292,0.6919111
3293,0.06418681
3294,0.46533448
3295,0.4474306
3296,0.7711929
3297,0.05348283
3298,0.49940538
3299,0.679849
3300,0.86141825
3301,0.71109045
3302,0.6097805
3303,0.66149586
3304,0.82648444
3305,0.9370688
3306,0.9760323
3307,0.9406809
3308,0.4564035
3309,0.17751223
3310,0.57140243
3311,0.7755223
3312,0.5035544
3313,0.04675126
3314,0.7925469
3315,0.20484883
3316,0.192146
3317,0.6815893
3318,0.12427622
3319,0.26788092
3320,0.7144629
3321,0.67811346
3322,0.5090867
3323,0.6428203
3324,0.91942954
3325,0.040202618
3326,0.060845792
3327,0.30541414
3328,0.54563594
3329,0.8588253
3330,0.6658002
3331,0.44424176
3332,0.9761194
3333,0.38177955
3334,0.34876305
3335,0.92086095
3336,0.16120088
3337,0.9499376
3338,0.8872323
3339,0.13727432
3340,0.7301464
3341,0.96972114
3342,0.41703236
3343,0.8155666
3344,0.0684157
3345,0.7634702
3346,0.76308197
3347,0.91084933
3348,0.5475639
3349,0.20537364
3350,0.11077756
3351,0.55072224
3352,0.058356583
3353,0.26597273
3354,0.84060854
3355,0.9458353
3356,0.09458971
3357,0.033379495
3358,0.4983595
3359,0.3931899
3360,0.14039087
3361,0.9493007
3362,0.37513858
3363,0.054412663
3364,0.9789394
3365,0.8782157
3366,0.3649227
3367,0.4430039
3368,0.8419361
3369,0.43535662
3370,0.40255487
3371,0.03423375
3372,0.73032767
3373,0.031201541
3374,0.97856295
3375,0.0776996
3376,0.69816196
3377,0.41484815
3378,0.33493912
3379,0.2810645
3380,0.853568
3381,0.122473
3382,0.9862644
3383,0.74970853
3384,0.31654721
3385,0.24615848
3386,0.8597242
3387,0.23599893
3388,0.33175522
3389,0.3121143
3390,0.14250761
3391,0.63682705
3392,0.8157083
3393,0.043599606
3394,0.37980074
3395,0.6261611
3396,0.020083904
3397,0.46936262
3398,0.9058306
3399,0.35519713
3400,0.4719028
3401,0.11908698
3402,0.7133119
3403,0.95920634
3404,0.5001097
3405,0.072408915
3406,0.8662335
3407,0.54217565
3408,0.60495055
3409,0.16209257
3410,0.3895529
3411,0.020631194
3412,0.50102806
3413,0.66548586
3414,0.075366914
3415,0.17785943
3416,0.11111283
3417,0.47286427
3418,0.2958671
3419,0.4957006
3420,0.88279295
3421,0.34251285
3422,0.4190207
3423,0.5821161
3424,0.04596615
3425,0.9464748
3426,0.50838554
3427,0.5498891
3428,0.032570004
3429,0.523088
3430,0.8301075
3431,0.018761635
3432,0.1815446
3433,0.3683715
3434,0.76809376
3435,0.54701316
3436,0.87360936
3437,0.1755901
3438,0.9386096
3439,0.17049116
3440,0.6141343
3441,0.048600197
3442,0.9904891
3443,0.95748746
3444,0.9104404
3445,0.125408
3446,0.32345408
3447,0.46851552
3448,0.9238962
3449,0.78249073
3450,0.7555724
3451,0.28628784
3452,0.107350945
3453,0.9426302
3454,0.96785337
3455,0.87469506
3456,0.7812402
3457,0.0872882
3458,0.017438412
3459,0.29623687
3460,0.59548557
3461,0.16985786
3462,0.583866
3463,0.9668109
3464,0.38531083
3465,0.95769286
3466,0.48542666
3467,0.2691731
3468,0.9757153
3469,0.43180203
3470,0.9722634
3471,0.87611616
3472,0.09875077
3473,0.80670315
3474,0.46986383
3475,0.23553675
3476,0.057073593
3477,0.6989429
3478,0.96589893
3479,0.40820724
3480,0.9884972
3481,0.8154879
3482,0.9577454
3483,0.104328156
3484,0.3817674
3485,0.87188685
3486,0.072693646
3487,0.9443737
3488,0.38209426
3489,0.9444745
3490,0.2881511
3491,0.39105672
3492,0.041338325
3493,0.35259122
3494,0.32180977
3495,0.9269827
3496,0.66483396
3497,0.77146345
3498,0.0862031
3499,0.95101917
3500,0.344424
3501,0.9674959
3502,0.78822225
3503,0.95773184
3504,0.48726368
3505,0.3048005
3506,0.13413078
3507,0.64555573
3508,0.6359166
3509,0.08418232
3510,0.4288988
3511,0.51810956
3512,0.09973556
3513,0.9858672
3514,0.98590815
3515,0.34293824
3516,0.36987126
3517,0.21600556
3518,0.7945293
3519,0.9443632
3520,0.25899053
3521,0.7133402
3522,0.27867025
3523,0.74653506
3524,0.24683952
3525,0.8442712
3526,0.94209594
3527,0.7285341
3528,0.50795186
3529,0.3609032
3530,0.39593267
3531,0.5147675
3532,0.07231742
3533,0.96311444
3534,0.22386247
3535,0.18212694
3536,0.12882078
3537,0.056958795
3538,0.9600728
3539,0.077776074
3540,0.85668457
3541,0.02997011
3542,0.8953319
3543,0.84260225
3544,0.46566617
3545,0.016304016
3546,0.7420971
3547,0.705204
3548,0.4812944
3549,0.18992943
3550,0.67291963
3551,0.99312997
3552,0.43769115
3553,0.889003
3554,0.78641874
3555,0.5425137
3556,0.0752247
3557,0.107901454
3558,0.36507893
3559,0.45698172
3560,0.43741703
3561,0.520803
3562,0.9668994
3563,0.19617409
3564,0.6923995
3565,0.9389561
3566,0.5104838
3567,0.2832985
3568,0.080978274
3569,0.053855717
3570,0.9845652
3571,0.10726869
3572,0.06982595
3573,0.22164828
3574,0.05746168
3575,0.94634914
3576,0.7817364
3577,0.93947494
3578,0.6316718
3579,0.6702571
3580,0.53181016
3581,0.90184104
3582,0.38232458
3583,0.05303961
3584,0.05484283
3585,0.090592146
3586,0.95127916
3587,0.56297493
3588,0.4378206
3589,0.82441187
3590,0.4180038
3591,0.09201801
3592,0.88921946
3593,0.6720892
3594,0.72082293
3595,0.50397956
3596,0.3111403
3597,0.6051856
3598,0.27000952
3599,0.9137949
3600,0.67024136
3601,0.47483003
3602,0.7281946
3603,0.08558041
3604,0.79511964
3605,0.2754082
3606,0.6871437
3607,0.17339617
3608,0.6039226
3609,0.9439208
3610,0.19463909
3611,0.64575243
3612,0.9636511
3613,0.62096095
3614,0.1834296
3615,0.36507893
3616,0.65404457
3617,0.116268456
3618,0.13715088
3619,0.19225198
3620,0.9834387
3621,0.46669292
3622,0.97773415
3623,0.14123291
3624,0.01891756
3625,0.31932616
3626,0.26648772
3627,0.65434635
3628,0.9879785
3629,0.14369929
3630,0.9386332
3631,0.11704177
3632,0.8322048
3633,0.6951313
3634,0.04473698
3635,0.12084818
3636,0.41496783
3637,0.18941146
3638,0.23978585
3639,0.85948265
3640,0.08699894
3641,0.4830715
3642,0.023085415
3643,0.67092025
3644,0.0788067
3645,0.61518145
3646,0.8638994
3647,0.38258845
3648,0.12498981
3649,0.3485149
3650,0.31279045
3651,0.86847633
3652,0.08048898
3653,0.7377348
3654,0.8462304
3655,0.2661879
3656,0.5033281
3657,0.14042956
3658,0.12738287
3659,0.86157787
3660,0.18847102
3661,0.40086275
3662,0.8704867
3663,0.44745964
3664,0.07003838
3665,0.21866965
3666,0.49298066
3667,0.37662542
3668,0.9449273
3669,0.9683695
3670,0.7917041
3671,0.47983223
3672,0.4645859
3673,0.76796967
3674,0.9589683
3675,0.10016656
3676,0.36614388
3677,0.97884667
3678,0.046690464
3679,0.934691
3680,0.091257155
3681,0.36027068
3682,0.89167285
3683,0.3369388
3684,0.50277364
3685,0.32487756
3686,0.531941
3687,0.27842999
3688,0.39331263
3689,0.35315788
3690,0.72914875
3691,0.98912156
3692,0.42317438
3693,0.6056863
3694,0.11951959
3695,0.2611416
3696,0.7575487
3697,0.93606377
3698,0.29951447
3699,0.023727477
3700,0.3123151
3701,0.038271427
3702,0.60508955
3703,0.12800741
3704,0.87986827
3705,0.08874202
3706,0.3344515
3707,0.6974982
3708,0.03469318
3709,0.27462196
3710,0.96242905
3711,0.4021594
3712,0.6295013
3713,0.21935892
3714,0.48415065
3715,0.058906734
3716,0.28311825
3717,0.98320085
3718,0.37967134
3719,0.37788993
3720,0.085078776
3721,0.7221606
3722,0.38840586
3723,0.13511103
3724,0.69899786
3725,0.8787811
3726,0.929668
3727,0.97541416
3728,0.91389316
3729,0.026601076
3730,0.034626186
3731,0.06974572
3732,0.9838159
3733,0.49634272
3734,0.1859923
3735,0.09048885
3736,0.80333495
3737,0.9446891
3738,0.9123792
3739,0.43672645
3740,0.64693177
3741,0.6296824
3742,0.9396232
3743,0.79749566
3744,0.32742566
3745,0.08040017
3746,0.664531
3747,0.14070523
3748,0.91487175
3749,0.4914834
3750,0.1246897
3751,0.98355913
3752,0.9571764
3753,0.42822415
3754,0.38071543
3755,0.8814539
3756,0.67566353
3757,0.8440743
3758,0.04552108
3759,0.99025965
3760,0.51058936
3761,0.9048088
3762,0.5936574
3763,0.67195904
3764,0.08406812
3765,0.55660325
3766,0.22769868
3767,0.33089304
3768,0.17912364
3769,0.9446538
3770,0.23833412
3771,0.97549444
3772,0.6344032
3773,0.4113769
3774,0.96364677
3775,0.51184046
3776,0.03775859
3777,0.5163634
3778,0.25466305
3779,0.562605
3780,0.56162405
3781,0.40328377
3782,0.68345237
3783,0.5064583
3784,0.2744345
3785,0.97672564
3786,0.768449
3787,0.29481548
3788,0.22912014
3789,0.31446105
3790,0.47385633
3791,0.24178874
3792,0.1976915
3793,0.9450507
3794,0.93368965
3795,0.05040914
3796,0.97933865
3797,0.14146906
3798,0.5678287
3799,0.7077545
3800,0.083708644
3801,0.08923799
3802,0.85358274
3803,0.94694406
3804,0.59833467
3805,0.03244692
3806,0.09586614
3807,0.041365683
3808,0.80138427
3809,0.86694264
3810,0.25849062
3811,0.48235375
3812,0.5396095
3813,0.4286434
3814,0.8722583
3815,0.111742795
3816,0.090640366
3817,0.033314943
3818,0.37514567
3819,0.784027
3820,0.044778824
3821,0.6729691
3822,0.66033757
3823,0.42778486
3824,0.503024
3825,0.7319467
3826,0.073955834
3827,0.079437256
3828,0.85214835
3829,0.3356697
3830,0.7759391
3831,0.18790787
3832,0.010720074
3833,0.65784097
3834,0.9229067
3835,0.6353885
3836,0.1696595
3837,0.9059245
3838,0.112297654
3839,0.96647644
3840,0.82265186
3841,0.91683453
3842,0.3543262
3843,0.5348308
3844,0.9854128
3845,0.71196103
3846,0.5606711
3847,0.3232345
3848,0.14574039
3849,0.4854766
3850,0.08536959
3851,0.4848963
3852,0.09021324
3853,0.42991257
3854,0.688275
3855,0.31778765
3856,0.70486224
3857,0.12792462
3858,0.9613938
3859,0.34269357
3860,0.36754513
3861,0.36240697
3862,0.015786648
3863,0.28746992
3864,0.0117082
3865,0.5941967
3866,0.07946837
3867,0.3097189
3868,0.08244008
3869,0.47507167
3870,0.18816006
3871,0.75432974
3872,0.024138689
3873,0.169976
3874,0.36984074
3875,0.1852293
3876,0.08578831
3877,0.09393096
3878,0.49950552
3879,0.97448236
3880,0.5795212
3881,0.10414559
3882,0.086084306
3883,0.63898706
3884,0.4228235
3885,0.046189487
3886,0.42321426
3887,0.026535213
3888,0.119442046
3889,0.7236489
3890,0.967056
3891,0.34811044
3892,0.3647185
3893,0.17507052
3894,0.9135416
3895,0.35650885
3896,0.55578804
3897,0.06893456
3898,0.15121806
3899,0.86956996
3900,0.07993752
3901,0.12938917
3902,0.42334306
3903,0.40343988
3904,0.026138067
3905,0.74667037
3906,0.16706401
3907,0.8363886
3908,0.80932385
3909,0.08553189
3910,0.90663034
3911,0.041909337
3912,0.9005852
3913,0.6403321
3914,0.7007121
3915,0.042699575
3916,0.60414714
3917,0.07651216
3918,0.8835598
3919,0.7584439
3920,0.78885937
3921,0.74798787
3922,0.81888086
3923,0.076125264
3924,0.18527818
3925,0.25623602
3926,0.060845792
3927,0.5084637
3928,0.13383096
3929,0.8574985
3930,0.9493536
3931,0.95066917
3932,0.9605539
3933,0.34747392
3934,0.93069214
3935,0.9330357
3936,0.93803257
3937,0.750862
3938,0.035726786
3939,0.506184
3940,0.5272832
3941,0.9254233
3942,0.07619953
3943,0.753934
3944,0.3369373
3945,0.9135508
3946,0.8968069
3947,0.69087243
3948,0.43269205
3949,0.32960314
3950,0.05432564
3951,0.38713342
3952,0.14351267
3953,0.84815824
3954,0.4721098
3955,0.40572602
3956,0.696288
3957,0.035815895
3958,0.92282826
3959,0.9772568
3960,0.12530059
3961,0.16770256
3962,0.4924788
3963,0.30310988
3964,0.20981568
3965,0.41083133
3966,0.7843521
3967,0.18423706
3968,0.7210809
3969,0.37584722
3970,0.914215
3971,0.9506422
3972,0.47255743
3973,0.9738472
3974,0.23226333
3975,0.077190995
3976,0.20211476
3977,0.9711704
3978,0.07011676
3979,0.54301107
3980,0.26690584
3981,0.9672705
3982,0.05645579
3983,0.3046248
3984,0.944751
3985,0.6796652
3986,0.6194533
3987,0.09676218
3988,0.5208879
3989,0.9089061
3990,0.07739711
3991,0.965056
3992,0.8666019
3993,0.6502851
3994,0.3288669
3995,0.15219355
3996,0.49037796
3997,0.17445582
3998,0.10204816
3999,0.78588736
4000,0.97837067
4001,0.93586254
4002,0.8097614
4003,0.5776833
4004,0.86760455
4005,0.8208279
4006,0.6095264
4007,0.78800666
4008,0.5777786
4009,0.569991
4010,0.06381166
4011,0.52135074
4012,0.8125453
4013,0.30711192
4014,0.76332754
4015,0.9224591
4016,0.7207836
4017,0.8646828
4018,0.55111635
4019,0.9581103
4020,0.7128402
4021,0.10518062
4022,0.10653126
4023,0.6524092
4024,0.46890134
4025,0.6059078
4026,0.5535638
4027,0.22151881
4028,0.25071973
4029,0.4161883
4030,0.41179705
4031,0.11407906
4032,0.9405569
4033,0.31398118
4034,0.9802002
4035,0.6448555
4036,0.0953899
4037,0.48781073
4038,0.037294805
4039,0.39369977
4040,0.46874458
4041,0.9858725
4042,0.9915501
4043,0.54469347
4044,0.5606077
4045,0.25876087
4046,0.6689601
4047,0.03582722
4048,0.99536365
4049,0.33188075
4050,0.37506533
4051,0.24653757
4052,0.15061945
4053,0.8244173
4054,0.89566475
4055,0.04271084
4056,0.13643926
4057,0.028602183
4058,0.66408604
4059,0.6364337
4060,0.62890244
4061,0.010617375
4062,0.7292479
4063,0.29748535
4064,0.49129617
4065,0.90347886
4066,0.90775335
4067,0.26201403
4068,0.84567666
4069,0.48452175
4070,0.21141732
4071,0.94474655
4072,0.10207218
4073,0.8981309
4074,0.076140344
4075,0.06722009
4076,0.18555254
4077,0.9325115
4078,0.52430713
4079,0.06756133
4080,0.5881978
4081,0.76152474
4082,0.7689871
4083,0.5096793
4084,0.5945666
4085,0.87478274
4086,0.0873754
4087,0.39469343
4088,0.57925093
4089,0.2755916
4090,0.04260534
4091,0.61765015
4092,0.40176135
4093,0.31824917
4094,0.2774787
4095,0.50526357
4096,0.12744969
4097,0.4180392
4098,0.47387832
4099,0.30893427
4100,0.01606679
4101,0.4887663
4102,0.4356336
4103,0.23920292
4104,0.08500761
4105,0.73827106
4106,0.2346775
4107,0.7849484
4108,0.37537116
4109,0.60658336
4110,0.19086331
4111,0.03946048
4112,0.12974697
4113,0.017701983
4114,0.12060082
4115,0.14996773
4116,0.32571197
4117,0.66595316
4118,0.4536159
4119,0.1479795
4120,0.9244639
4121,0.94062304
4122,0.9461597
4123,0.6053079
4124,0.049749076
4125,0.3169536
4126,0.48120517
4127,0.29712754
4128,0.23236096
4129,0.80739814
4130,0.09094292
4131,0.045867383
4132,0.22916394
4133,0.12949216
4134,0.6743139
4135,0.502892
4136,0.95028555
4137,0.98898613
4138,0.72491896
4139,0.9465128
4140,0.3593427
4141,0.18141729
4142,0.9509793
4143,0.88423914
4144,0.3730728
4145,0.68211424
4146,0.35709053
4147,0.12766021
4148,0.02818793
4149,0.9710011
4150,0.07902378
4151,0.35315472
4152,0.97683465
4153,0.24971354
4154,0.94984305
4155,0.13243592
4156,0.8276472
4157,0.29829776
4158,0.103969395
4159,0.40508616
4160,0.47760594
4161,0.9412962
4162,0.9466639
4163,0.3737929
4164,0.84736305
4165,0.13585645
4166,0.43615884
4167,0.39556652
4168,0.9867225
4169,0.9789416
4170,0.37597567
4171,0.6640375
4172,0.44011098
4173,0.51138353
4174,0.8258336
4175,0.66053164
4176,0.97121876
4177,0.8443602
4178,0.070944965
4179,0.62834924
4180,0.9618163
4181,0.018693745
4182,0.049049318
4183,0.5578016
4184,0.79701376
4185,0.07263541
4186,0.16530806
4187,0.2688762
4188,0.4469478
4189,0.59416556
4190,0.62959003
4191,0.79151034
4192,0.9849499
4193,0.07992226
4194,0.8401284
4195,0.44557625
4196,0.049696743
4197,0.4520933
4198,0.5110947
4199,0.2771048
4200,0.5473547
4201,0.85039675
4202,0.5478672
4203,0.40411824
4204,0.5928066
4205,0.62739396
4206,0.398193
4207,0.45642573
4208,0.42635274
4209,0.36781424
4210,0.5532758
4211,0.50082463
4212,0.4680966
4213,0.6272225
4214,0.18521047
4215,0.4425729
4216,0.83841383
4217,0.0909034
4218,0.99456954
4219,0.11223209
4220,0.034265637
4221,0.8633974
4222,0.024327934
4223,0.104807496
4224,0.23164254
4225,0.7385743
4226,0.9610819
4227,0.675614
4228,0.61677253
4229,0.98153275
4230,0.60437906
4231,0.44462186
4232,0.79222023
4233,0.33156848
4234,0.36825347
4235,0.40197098
4236,0.15157026
4237,0.13833624
4238,0.6240226
4239,0.5067093
4240,0.9633733
4241,0.6325308
4242,0.9414517
4243,0.029784858
4244,0.9529343
4245,0.88540053
4246,0.035663962
4247,0.41505748
4248,0.033986986
4249,0.36070246
4250,0.7513802
4251,0.5687244
4252,0.027317524
4253,0.06632841
4254,0.37623858
4255,0.93614715
4256,0.9691736
4257,0.20469141
4258,0.047333777
4259,0.29271483
4260,0.13599938
4261,0.5623263
4262,0.5065881
4263,0.36372942
4264,0.34757155
4265,0.18095982
4266,0.5705756
4267,0.036201656
4268,0.523088
4269,0.1938113
4270,0.95218474
4271,0.03430581
4272,0.5248035
4273,0.5843767
4274,0.88446796
4275,0.5530151
4276,0.49094254
4277,0.20624948
4278,0.5009768
4279,0.6763438
4280,0.44529343
4281,0.6724862
4282,0.45965922
4283,0.9053652
4284,0.27510226
4285,0.1212036
4286,0.056909382
4287,0.035613477
4288,0.041647077
4289,0.4226936
4290,0.03242773
4291,0.8779284
4292,0.58717847
4293,0.9143776
4294,0.30400926
4295,0.26755565
4296,0.6649204
4297,0.21337754
4298,0.06733376
4299,0.09923202
4300,0.09188521
4301,0.021177113
4302,0.019372523
4303,0.024622679
4304,0.731053
4305,0.51688385
4306,0.1770308
4307,0.06971753
4308,0.81826836
4309,0.9609567
4310,0.86147135
4311,0.674609
4312,0.12805897
4313,0.97743636
4314,0.97914374
4315,0.308307
4316,0.07608974
4317,0.5970235
4318,0.18543887
4319,0.7090663
4320,0.5823637
4321,0.93513024
4322,0.90182304
4323,0.44855917
4324,0.7343706
4325,0.1879102
4326,0.14105147
4327,0.46465266
4328,0.5630089
4329,0.74858165
4330,0.86000943
4331,0.7187207
4332,0.072199166
4333,0.05593717
4334,0.50277305
4335,0.0344463
4336,0.7238796
4337,0.5358466
4338,0.05049908
4339,0.5174328
4340,0.89213043
4341,0.096883476
4342,0.6200807
4343,0.5488126
4344,0.32539934
4345,0.4374413
4346,0.83018535
4347,0.9559915
4348,0.8132634
4349,0.4834181
4350,0.14585572
4351,0.091239214
4352,0.48255497
4353,0.41411048
4354,0.61534625
4355,0.6127052
4356,0.80459404
4357,0.8861045
4358,0.24062562
4359,0.036957145
4360,0.9785985
4361,0.5630572
4362,0.74624175
4363,0.7700863
4364,0.10292381
4365,0.37019247
4366,0.1578533
4367,0.54074925
4368,0.80709755
4369,0.96346354
4370,0.90801954
4371,0.4400351
4372,0.75578576
4373,0.39015007
4374,0.021166503
4375,0.06974572
4376,0.48810238
4377,0.2847154
4378,0.3624146
4379,0.061863422
4380,0.9589471
4381,0.16447264
4382,0.537343
4383,0.8893346
4384,0.60359704
4385,0.55487156
4386,0.6909419
4387,0.3369388
4388,0.07588112
4389,0.036745787
4390,0.7338044
4391,0.5344266
4392,0.9389421
4393,0.6967432
4394,0.8957347
4395,0.11616558
4396,0.17673987
4397,0.07447231
4398,0.22399986
4399,0.13556415
4400,0.036869228
4401,0.07764667
4402,0.87487197
4403,0.6782607
4404,0.3624276
4405,0.2002176
4406,0.36430597
4407,0.9344922
4408,0.5506757
4409,0.4160968
4410,0.19887245
4411,0.80423033
4412,0.5065023
4413,0.35533005
4414,0.04322195
4415,0.9604425
4416,0.19141406
4417,0.2699921
4418,0.030524254
4419,0.5007495
4420,0.26866025
4421,0.038520932
4422,0.6297267
4423,0.686931
4424,0.5884686
4425,0.12516814
4426,0.5157608
4427,0.058944106
4428,0.10130727
4429,0.94504434
4430,0.82765305
4431,0.25124764
4432,0.769014
4433,0.6814676
4434,0.024904609
4435,0.5007936
4436,0.928215
4437,0.19222212
4438,0.39576924
4439,0.51823896
4440,0.012403071
4441,0.074296236
4442,0.5565703
4443,0.31833643
4444,0.8418113
4445,0.037941337
4446,0.40343988
4447,0.48171824
4448,0.6743524
4449,0.97825134
4450,0.37083095
4451,0.9196447
4452,0.16004497
4453,0.72615474
4454,0.036115468
4455,0.21974671
4456,0.88152236
4457,0.109347045
4458,0.26059997
4459,0.9423181
4460,0.47860026
4461,0.044817805
4462,0.23483473
4463,0.97367996
4464,0.3850966
4465,0.025339007
4466,0.9736681
4467,0.28518933
4468,0.81867015
4469,0.6649245
4470,0.06463987
4471,0.84154147
4472,0.38862187
4473,0.12090403
4474,0.85081714
4475,0.54673517
4476,0.31190735
4477,0.6274375
4478,0.68539804
4479,0.06391215
4480,0.95022327
4481,0.08785027
4482,0.82414657
4483,0.5100211
4484,0.81752235
4485,0.26565087
4486,0.82099986
4487,0.09254092
4488,0.53851426
4489,0.97536975
4490,0.7102576
4491,0.038896024
4492,0.08737224
4493,0.26207614
4494,0.43275994
4495,0.38693774
4496,0.7126566
4497,0.8989526
4498,0.92650014
4499,0.48107356
4500,0.071531415
4501,0.062220752
4502,0.058668375
4503,0.6364274
4504,0.7990011
4505,0.84740585
4506,0.026170194
4507,0.5493388
4508,0.6804559
4509,0.17609036
4510,0.22506315
4511,0.11693472
4512,0.9402283
4513,0.67677546
4514,0.31032282
4515,0.9484159
4516,0.35023832
4517,0.83910656
4518,0.3789776
4519,0.75902164
4520,0.83621156
4521,0.44382793
4522,0.024460316
4523,0.66763043
4524,0.17825711
4525,0.51416296
4526,0.9166668
4527,0.54545796
4528,0.665746
4529,0.23769146
4530,0.32260817
4531,0.30520654
4532,0.7526834
4533,0.44448638
4534,0.5683173
4535,0.9628979
4536,0.5380039
4537,0.5803995
4538,0.22230709
4539,0.010967016
4540,0.9730139
4541,0.16290748
4542,0.24509102
4543,0.88128674
4544,0.35624003
4545,0.25392342
4546,0.9167171
4547,0.9894967
4548,0.74171627
4549,0.82284486
4550,0.80555105
4551,0.1497649
4552,0.7208636
4553,0.9605204
4554,0.8994582
4555,0.5126462
4556,0.05071807
4557,0.8198434
4558,0.07062751
4559,0.6405153
4560,0.94886035
4561,0.096007526
4562,0.20100635
4563,0.9618163
4564,0.95210534
4565,0.20875013
4566,0.026741087
4567,0.5204003
4568,0.49814898
4569,0.7083238
4570,0.43139493
4571,0.4711467
4572,0.34935087
4573,0.92729837
4574,0.2117979
4575,0.9609537
4576,0.12132162
4577,0.43855995
4578,0.7361504
4579,0.8737058
4580,0.95501983
4581,0.9354377
4582,0.16196483
4583,0.48450536
4584,0.75907564
4585,0.18154055
4586,0.20851469
4587,0.3451141
4588,0.5846398
4589,0.55840814
4590,0.56198835
4591,0.66288847
4592,0.033634543
4593,0.7356372
4594,0.05147177
4595,0.10156113
4596,0.7310949
4597,0.11789405
4598,0.43866557
4599,0.5115098
4600,0.9330705
4601,0.6276323
4602,0.15035897
4603,0.937846
4604,0.9650472
4605,0.2863927
4606,0.14817613
4607,0.71670693
4608,0.5295179
4609,0.73753095
4610,0.67589974
4611,0.7143527
4612,0.82931864
4613,0.22529697
4614,0.6014286
4615,0.636766
4616,0.8548383
4617,0.64535606
4618,0.6814676
4619,0.20097142
4620,0.14199954
4621,0.86390924
4622,0.70236933
4623,0.14857584
4624,0.9347382
4625,0.52579814
4626,0.6334835
4627,0.03754741
4628,0.06797314
4629,0.17383283
4630,0.6297267
4631,0.2858975
4632,0.054986298
4633,0.9132941
4634,0.4327824
4635,0.573394
4636,0.019347668
4637,0.76511914
4638,0.91407835
4639,0.54708767
4640,0.9646024
4641,0.25163484
4642,0.13991112
4643,0.9573161
4644,0.8774359
4645,0.6392047
4646,0.40735877
4647,0.009930551
4648,0.7198261
4649,0.5507368
4650,0.030467689
4651,0.043837905
4652,0.07885367
4653,0.76593924
4654,0.96868294
4655,0.32712328
4656,0.73204815
4657,0.813764
4658,0.055441737
4659,0.9003764
4660,0.07071215
4661,0.8712804
4662,0.6565219
4663,0.5599339
4664,0.3508088
4665,0.93113774
4666,0.058948517
4667,0.034995973
4668,0.5999545
4669,0.87117344
4670,0.8975704
4671,0.57452
4672,0.92384595
4673,0.028921723
4674,0.7318605
4675,0.63884187
4676,0.9713915
4677,0.1782785
4678,0.35182303
4679,0.48206043
4680,0.22598636
4681,0.07694352
4682,0.31219512
4683,0.7677585
4684,0.6436125
4685,0.3215776
4686,0.8620897
4687,0.035449147
4688,0.028180242
4689,0.055381417
4690,0.6977166
4691,0.82719433
4692,0.07156932
4693,0.7930249
4694,0.7063309
4695,0.7876253
4696,0.33371103
4697,0.73459625
4698,0.58724946
4699,0.46029168
4700,0.9509331
4701,0.94069344
4702,0.10187751
4703,0.2792201
4704,0.08975673
4705,0.26026785
4706,0.66937566
4707,0.29414207
4708,0.75843483
4709,0.29808998
4710,0.40459067
4711,0.03611058
4712,0.42421776
4713,0.48781073
4714,0.17014176
4715,0.95207685
4716,0.861873
4717,0.9247091
4718,0.36150974
4719,0.42480832
4720,0.08143854
4721,0.9755969
4722,0.24580848
4723,0.9193695
4724,0.97325057
4725,0.060175955
4726,0.7831346
4727,0.8484945
4728,0.2653159
4729,0.74101824
4730,0.08468205
4731,0.73028755
4732,0.29917973
4733,0.17283744
4734,0.21383166
4735,0.1820882
4736,0.6522174
4737,0.80465937
4738,0.89119345
4739,0.4234212
4740,0.8651882
4741,0.9604244
4742,0.50402206
4743,0.73821336
4744,0.039931834
4745,0.9718309
4746,0.5211408
4747,0.027258694
4748,0.46886927
4749,0.2714786
4750,0.9106959
4751,0.29528052
4752,0.09877217
4753,0.29239684
4754,0.9883915
4755,0.06112224
4756,0.025854528
4757,0.086916685
4758,0.28866297
4759,0.3438024
4760,0.7223496
4761,0.5642477
4762,0.67594844
4763,0.68098867
4764,0.74276936
4765,0.15788132
4766,0.7712732
4767,0.02929604
4768,0.7471707
4769,0.39047784
4770,0.08557832
4771,0.9079676
4772,0.022425115
4773,0.9220806
4774,0.86485064
4775,0.49391574
4776,0.06439829
4777,0.3858841
4778,0.13692087
4779,0.75899434
4780,0.467326
4781,0.8991401
4782,0.84785134
4783,0.70561135
4784,0.48233247
4785,0.43311542
4786,0.0941264
4787,0.3445019
4788,0.95886505
4789,0.9399128
4790,0.116958916
4791,0.9041833
4792,0.04734361
4793,0.4930851
4794,0.23239225
4795,0.9512451
4796,0.2101512
4797,0.37491393
4798,0.33858025
4799,0.9175615
4800,0.13445044
4801,0.2653532
4802,0.7299559
4803,0.14050168
4804,0.55569637
4805,0.2090863
4806,0.84726256
4807,0.6105057
4808,0.4247285
4809,0.800922
4810,0.15439808
4811,0.5939101
4812,0.51724446
4813,0.91501254
4814,0.45641077
4815,0.84804136
4816,0.9792074
4817,0.43698084
4818,0.96416813
4819,0.9285154
4820,0.470573
4821,0.7710411
4822,0.077236354
4823,0.9130838
4824,0.3393762
4825,0.9396232
4826,0.27519584
4827,0.5646864
4828,0.74447143
4829,0.17566311
4830,0.9850568
4831,0.27219027
4832,0.46826476
4833,0.47387832
4834,0.5511182
4835,0.7066441
4836,0.3193667
4837,0.076260686
4838,0.84790635
4839,0.07003218
4840,0.91633415
4841,0.6827848
4842,0.32007694
4843,0.6908928
4844,0.58153677
4845,0.17350578
4846,0.89320505
4847,0.4175809
4848,0.633114
4849,0.5895512
4850,0.9332182
4851,0.7832985
4852,0.06901407
4853,0.4791252
4854,0.80011207
4855,0.23374534
4856,0.9367091
4857,0.14425534
4858,0.009930551
4859,0.39341706
4860,0.3851058
4861,0.7328922
4862,0.06369245
4863,0.40165395
4864,0.49609023
4865,0.683005
4866,0.41979033
4867,0.75902164
4868,0.16064423
4869,0.07412523
4870,0.52326345
4871,0.10649854
4872,0.7221587
4873,0.6422987
4874,0.71295977
4875,0.8677093
4876,0.72834563
4877,0.5540618
4878,0.7399875
4879,0.28441793
4880,0.40703458
4881,0.08696395
4882,0.623773
4883,0.51698726
4884,0.2786659
4885,0.9013199
4886,0.9393434
4887,0.768449
4888,0.6563622
4889,0.93764114
4890,0.58729464
4891,0.42251623
4892,0.22990996
4893,0.6923307
4894,0.5242075
4895,0.95033586
4896,0.35637552
4897,0.6996002
4898,0.02948606
4899,0.7890768
4900,0.036752105
4901,0.7360337
4902,0.04723066
4903,0.06366944
4904,0.68356925
4905,0.9230348
4906,0.34346306
4907,0.68820024
4908,0.34747773
4909,0.49814898
4910,0.101404786
4911,0.43400615
4912,0.09966254
4913,0.08563423
4914,0.67242134
4915,0.44806808
4916,0.17138314
4917,0.27719343
4918,0.8535446
4919,0.16683114
4920,0.5128255
4921,0.020664394
4922,0.38894808
4923,0.03329909
4924,0.6401689
4925,0.94865423
4926,0.69117534
4927,0.70439476
4928,0.04122591
4929,0.64658
4930,0.5003303
4931,0.73014414
4932,0.083272934
4933,0.08344293
4934,0.57774335
4935,0.09959984
4936,0.5014585
4937,0.8978265
4938,0.3194576
4939,0.81623614
4940,0.94955033
4941,0.07412809
4942,0.04973358
4943,0.058537245
4944,0.9096652
4945,0.5854784
4946,0.52486426
4947,0.527312
4948,0.5621958
4949,0.07453883
4950,0.9254384
4951,0.81109583
4952,0.9342851
4953,0.97704923
4954,0.06887072
4955,0.042724848
4956,0.8750753
4957,0.963295
4958,0.7909837
4959,0.102282226
4960,0.8275975
4961,0.04935205
4962,0.98133636
4963,0.103434086
4964,0.07502079
4965,0.6573384
4966,0.97351414
4967,0.16506857
4968,0.914842
4969,0.26886064
4970,0.041916072
4971,0.5126318
4972,0.22931731
4973,0.033154786
4974,0.10553849
4975,0.06687188
4976,0.5393766
4977,0.8663544
4978,0.17755389
4979,0.6156536
4980,0.14495707
4981,0.7828088
4982,0.5440556
4983,0.34607494
4984,0.99053097
4985,0.6327981
4986,0.90964997
4987,0.07247567
4988,0.06281763
4989,0.24452871
4990,0.7073834
4991,0.7276627
4992,0.43184495
4993,0.93090063
4994,0.39818776
4995,0.9385806
4996,0.09488982
4997,0.24528795
4998,0.91185516
4999,0.6233946
5000,0.34972143
5001,0.034486413
5002,0.750986
5003,0.100060105
5004,0.40751207
5005,0.19463909
5006,0.63838744
5007,0.25952882
5008,0.20698506
5009,0.64664567
5010,0.9223641
5011,0.040643215
5012,0.17995048
5013,0.94087994
5014,0.6821244
5015,0.51557195
5016,0.9234813
5017,0.77774334
5018,0.36779028
5019,0.15121949
5020,0.30270875
5021,0.031215847
5022,0.56027293
5023,0.33913386
5024,0.8067719
5025,0.13797158
5026,0.40773863
5027,0.8129918
5028,0.68497455
5029,0.30767918
5030,0.9019
5031,0.51990986
5032,0.4250707
5033,0.28241974
5034,0.37827694
5035,0.55934954
5036,0.7335204
5037,0.58220685
5038,0.7231484
5039,0.76578116
5040,0.4712103
5041,0.95909977
5042,0.45278686
5043,0.7176582
5044,0.1621654
5045,0.7932882
5046,0.7324665
5047,0.04486376
5048,0.6289585
5049,0.25051004
5050,0.4125011
5051,0.35297805
5052,0.0758484
5053,0.43467915
5054,0.025303125
5055,0.9387397
5056,0.5633719
5057,0.022062302
5058,0.30090642
5059,0.03670013
5060,0.36142612
5061,0.100839734
5062,0.66938615
5063,0.67832243
5064,0.6938044
5065,0.08397037
5066,0.7870861
5067,0.9718999
5068,0.76874137
5069,0.5829399
5070,0.053141892
5071,0.9630253
5072,0.02661395
5073,0.07526547
5074,0.7740508
5075,0.88080937
5076,0.756857
5077,0.35194618
5078,0.6357105
5079,0.9695765
5080,0.56242704
5081,0.5910829
5082,0.094147205
5083,0.96956986
5084,0.081861496
5085,0.48836887
5086,0.1212073
5087,0.9066006
5088,0.2122209
5089,0.8974623
5090,0.035497427
5091,0.6842499
5092,0.21302348
5093,0.6446538
5094,0.3895353
5095,0.02509433
5096,0.072190285
5097,0.6542317
5098,0.9674386
5099,0.7470895
5100,0.028429687
5101,0.20712107
5102,0.071327984
5103,0.11175585
5104,0.708625
5105,0.086039245
5106,0.043640614
5107,0.6751729
5108,0.47454864
5109,0.9322797
5110,0.873236
5111,0.49244547
5112,0.52689993
5113,0.38178843
5114,0.07826346
5115,0.3191694
5116,0.028992474
5117,0.4607302
5118,0.25583398
5119,0.058452606
5120,0.043174684
5121,0.46581554
5122,0.056601703
5123,0.5635911
5124,0.72768056
5125,0.48516452
5126,0.0142892
5127,0.5542331
5128,0.48516452
5129,0.959767
5130,0.47577935
5131,0.70875144
5132,0.9121772
5133,0.67961407
5134,0.5987166
5135,0.7367217
5136,0.4563737
5137,0.19508398
5138,0.26992393
5139,0.05835867
5140,0.04660219
5141,0.8216825
5142,0.94273865
5143,0.8763269
5144,0.15555972
5145,0.47489923
5146,0.97968495
5147,0.31159747
5148,0.37346476
5149,0.97300637
5150,0.9578869
5151,0.92765933
5152,0.24512231
5153,0.07279706
5154,0.031117737
5155,0.578671
5156,0.09543359
5157,0.7223003
5158,0.11581683
5159,0.66105855
5160,0.3625567
5161,0.6803988
5162,0.6412053
5163,0.69278836
5164,0.096291125
5165,0.37261188
5166,0.6525035
5167,0.7083503
5168,0.18000966
5169,0.28704
5170,0.26011497
5171,0.69641674
5172,0.3506623
5173,0.18705028
5174,0.8037597
5175,0.8244947
5176,0.042105496
5177,0.41051286
5178,0.7313308
5179,0.34672177
5180,0.97780436
5181,0.20496774
5182,0.3140844
5183,0.7447821
5184,0.32335722
5185,0.3979534
5186,0.055420637
5187,0.5088291
5188,0.05610138
5189,0.05257374
5190,0.55831575
5191,0.21207792
5192,0.05712205
5193,0.79466116
5194,0.12712431
5195,0.6900717
5196,0.19338793
5197,0.71791893
5198,0.29241455
5199,0.22751611
5200,0.9168507
5201,0.5865638
5202,0.72541845
5203,0.5523531
5204,0.55378234
5205,0.77143955
5206,0.47645694
5207,0.21805227
5208,0.9734731
5209,0.04561752
5210,0.625121
5211,0.7474046
5212,0.37766278
5213,0.6946092
5214,0.28445488
5215,0.15451825
5216,0.10133511
5217,0.09095174
5218,0.6469593
5219,0.98266745
5220,0.6799517
5221,0.92860126
5222,0.057762027
5223,0.3470384
5224,0.27800578
5225,0.5931453
5226,0.94027865
5227,0.08053303
5228,0.2951746
5229,0.39978844
5230,0.080167055
5231,0.9687887
5232,0.13966066
5233,0.6910048
5234,0.21383166
5235,0.5397963
5236,0.5248148
5237,0.050240457
5238,0.5761729
5239,0.82073087
5240,0.57186145
5241,0.061552644
5242,0.46108836
5243,0.5715879
5244,0.63199943
5245,0.029811025
5246,0.28413337
5247,0.06991309
5248,0.97015333
5249,0.36864257
5250,0.94828546
5251,0.4844082
5252,0.8266899
5253,0.36418122
5254,0.591012
5255,0.9334683
5256,0.5635573
5257,0.59428453
5258,0.8103814
5259,0.983365
5260,0.04061711
5261,0.33502847
5262,0.4475534
5263,0.9883125
5264,0.174003
5265,0.15031636
5266,0.07224816
5267,0.078364134
5268,0.25800055
5269,0.62468934
5270,0.1214211
5271,0.6704066
5272,0.36970693
5273,0.9151739
5274,0.28965247
5275,0.9505309
5276,0.053855717
5277,0.6076219
5278,0.52417684
5279,0.04000312
5280,0.84097856
5281,0.94578904
5282,0.3654819
5283,0.047298312
5284,0.6723523
5285,0.07845533
5286,0.11944467
5287,0.28347993
5288,0.8224982
5289,0.62493116
5290,0.60716045
5291,0.15779817
5292,0.75358635
5293,0.27158606
5294,0.4971208
5295,0.5868797
5296,0.382513
5297,0.35150743
5298,0.48902893
5299,0.81820214
5300,0.887113
5301,0.059710026
5302,0.3678009
5303,0.3867885
5304,0.09200472
5305,0.51895905
5306,0.31176108
5307,0.26916218
5308,0.13197708
5309,0.94254553
5310,0.06023431
5311,0.05385387
5312,0.086916685
5313,0.12615806
5314,0.027668953
5315,0.42317438
5316,0.8307251
5317,0.7573675
5318,0.9424801
5319,0.036350906
5320,0.4378327
5321,0.4835825
5322,0.7664199
5323,0.8764609
5324,0.9468409
5325,0.960575
5326,0.9097418
5327,0.8451136
5328,0.094964325
5329,0.9669376
5330,0.7783362
5331,0.48547924
5332,0.6628872
5333,0.5614707
5334,0.2767552
5335,0.7940165
5336,0.82493466
5337,0.73721045
5338,0.034772158
5339,0.98099715
5340,0.9802556
5341,0.63170165
5342,0.58003086
5343,0.9224861
5344,0.9824149
5345,0.24218976
5346,0.61706996
5347,0.18145198
5348,0.47477323
5349,0.13427597
5350,0.9932295
5351,0.43509287
5352,0.7981566
5353,0.08459097
5354,0.9217372
5355,0.47970212
5356,0.5664635
5357,0.4401679
5358,0.037964523
5359,0.97162133
5360,0.52661073
5361,0.47211623
5362,0.8986577
5363,0.5360817
5364,0.6558671
5365,0.24476677
5366,0.5728338
5367,0.67316747
5368,0.7167835
5369,0.67519546
5370,0.10621858
5371,0.3899998
5372,0.9111454
5373,0.45530874
5374,0.15719879
5375,0.19987977
5376,0.7605463
5377,0.92473334
5378,0.5181275
5379,0.2179057
5380,0.96897835
5381,0.47760075
5382,0.06610918
5383,0.4634084
5384,0.6138276
5385,0.84152204
5386,0.1116088
5387,0.05491066
5388,0.19964194
5389,0.21304518
5390,0.665701
5391,0.73997355
5392,0.6996914
5393,0.55301607
5394,0.79513645
5395,0.4964221
5396,0.06079477
5397,0.38296634
5398,0.5919889
5399,0.52131474
5400,0.6077194
5401,0.1162017
5402,0.16601026
5403,0.9230774
5404,0.50346076
5405,0.04167092
5406,0.7082472
5407,0.37582105
5408,0.683936
5409,0.2107606
5410,0.49039364
5411,0.6939196
5412,0.4694025
5413,0.3326285
5414,0.57727396
5415,0.9765577
5416,0.5382417
5417,0.43339795
5418,0.05060458
5419,0.052260816
5420,0.9751187
5421,0.0991084
5422,0.5962645
5423,0.1156832
5424,0.30403274
5425,0.30927378
5426,0.3463936
5427,0.07895774
5428,0.388604
5429,0.26698047
5430,0.045106113
5431,0.3051318
5432,0.8426353
5433,0.62273645
5434,0.7632686
5435,0.3653525
5436,0.75593054
5437,0.97862047
5438,0.9124606
5439,0.22563434
5440,0.7535824
5441,0.1466375
5442,0.2527309
5443,0.019347668
5444,0.4470001
5445,0.2114762
5446,0.9621324
5447,0.8819896
5448,0.23833412
5449,0.3173228
5450,0.87353444
5451,0.71860635
5452,0.43116927
5453,0.37596416
5454,0.20950282
5455,0.41570407
5456,0.8408804
5457,0.800239
5458,0.90002173
5459,0.16835982
5460,0.8782235
5461,0.9377294
5462,0.8193614
5463,0.74584305
5464,0.88789225
5465,0.6143412
5466,0.97237235
5467,0.97734374
5468,0.030524015
5469,0.109761
5470,0.6034796
5471,0.47698575
5472,0.09260303
5473,0.9410483
5474,0.9427577
5475,0.98051524
5476,0.6836494
5477,0.9740628
5478,0.3857383
5479,0.5246055
5480,0.09985095
5481,0.7449328
5482,0.15692347
5483,0.5774059
5484,0.15889394
5485,0.95516837
5486,0.39917082
5487,0.12666452
5488,0.1848045
5489,0.2268641
5490,0.24674743
5491,0.94839644
5492,0.9303412
5493,0.6424649
5494,0.8948981
5495,0.28364325
5496,0.056019068
5497,0.3569265
5498,0.84121
5499,0.4634059
5500,0.6100682
5501,0.44089127
5502,0.5280956
5503,0.47211623
5504,0.23189056
5505,0.7767927
5506,0.05166483
5507,0.43840033
5508,0.7638253
5509,0.9605098
5510,0.69078755
5511,0.65770704
5512,0.39706784
5513,0.08406812
5514,0.16174608
5515,0.35984802
5516,0.97514933
5517,0.27062726
5518,0.7684513
5519,0.90995556
5520,0.9661549
5521,0.9373346
5522,0.2952106
5523,0.48120308
5524,0.557845
5525,0.7849484
5526,0.94041294
5527,0.96031725
5528,0.054940164
5529,0.5369868
5530,0.8806418
5531,0.67681575
5532,0.9845411
5533,0.031861067
5534,0.91973454
5535,0.4237681
5536,0.28680533
5537,0.67607987
5538,0.38768488
5539,0.08154327
5540,0.057147384
5541,0.3070597
5542,0.37675726
5543,0.21608317
5544,0.15559196
5545,0.65134555
5546,0.5005293
5547,0.8357035
5548,0.73931646
5549,0.55107915
5550,0.6665975
5551,0.43915045
5552,0.053257644
5553,0.841805
5554,0.21837234
5555,0.08138996
5556,0.762345
5557,0.8876366
5558,0.12143111
5559,0.98547417
5560,0.20695573
5561,0.7825856
5562,0.51270854
5563,0.025854528
5564,0.12928063
5565,0.032669365
5566,0.25171548
5567,0.585408
5568,0.1278767
5569,0.31709057
5570,0.63989025
5571,0.4359864
5572,0.28226078
5573,0.30791634
5574,0.28923005
5575,0.523088
5576,0.9066497
5577,0.050741076
5578,0.9703497
5579,0.17785943
5580,0.2138604
5581,0.033512414
5582,0.4809531
5583,0.49658728
5584,0.9944459
5585,0.041362226
5586,0.26584446
5587,0.13241386
5588,0.7681892
5589,0.9762321
5590,0.49576265
5591,0.971123
5592,0.36260676
5593,0.965056
5594,0.111566186
5595,0.9635877
5596,0.6296518
5597,0.79657435
5598,0.5137489
5599,0.24623883
5600,0.984478
5601,0.63838744
5602,0.8418113
5603,0.5495389
5604,0.5286962
5605,0.027899146
5606,0.34563082
5607,0.03882408
5608,0.30458564
5609,0.5748088
5610,0.901648
5611,0.9544779
5612,0.39175195
5613,0.47280842
5614,0.89427054
5615,0.37833023
5616,0.8091919
5617,0.17406356
5618,0.29822963
5619,0.471623
5620,0.36370933
5621,0.34021497
5622,0.095329106
5623,0.066798925
5624,0.9406809
5625,0.78692347
5626,0.2734204
5627,0.4205618
5628,0.5290649
5629,0.60656977
5630,0.31319976
5631,0.080644906
5632,0.44169337
5633,0.398354
5634,0.12670499
5635,0.48058677
5636,0.43086547
5637,0.9177378
5638,0.09952146
5639,0.4144882
5640,0.6910926
5641,0.1895904
5642,0.087337375
5643,0.5076761
5644,0.8782579
5645,0.4539039
5646,0.7109412
5647,0.057394505
5648,0.6981448
5649,0.29858977
5650,0.61511356
5651,0.36337197
5652,0.21550393
5653,0.8545316
5654,0.35715526
5655,0.9819007
5656,0.102573335
5657,0.38178843
5658,0.33653653
5659,0.3528027
5660,0.32042283
5661,0.83778244
5662,0.32914817
5663,0.9106762
5664,0.8635831
5665,0.10060102
5666,0.06497425
5667,0.12520707
5668,0.20734876
5669,0.08553189
5670,0.44193125
5671,0.21790177
5672,0.16250312
5673,0.8623699
5674,0.18108416
5675,0.20259029
5676,0.5069814
5677,0.5186052
5678,0.20856756
5679,0.08550936
5680,0.69188297
5681,0.07150501
5682,0.8674934
5683,0.49075675
5684,0.09731513
5685,0.06909424
5686,0.23192757
5687,0.7430696
5688,0.53320456
5689,0.9644815
5690,0.7207979
5691,0.45485246
5692,0.9138533
5693,0.26496
5694,0.49391574
5695,0.60821277
5696,0.093253136
5697,0.37206984
5698,0.83684075
5699,0.39293385
5700,0.7999912
5701,0.3850544
5702,0.27730554
5703,0.21302348
5704,0.7203386
5705,0.21316046
5706,0.21805227
5707,0.92233914
5708,0.7922918
5709,0.18612587
5710,0.2319448
5711,0.9424179
5712,0.6461265
5713,0.035687566
5714,0.16755086
5715,0.49836046
5716,0.12236202
5717,0.1497795
5718,0.094656944
5719,0.47345203
5720,0.117583394
5721,0.27072048
5722,0.5906071
5723,0.93100005
5724,0.049883842
5725,0.24230361
5726,0.68859696
5727,0.03254646
5728,0.21254307
5729,0.11077756
5730,0.011127293
5731,0.60508955
5732,0.09450334
5733,0.7391511
5734,0.111917615
5735,0.10715759
5736,0.886433
5737,0.025344312
5738,0.8095529
5739,0.6566093
5740,0.27365762
5741,0.03395635
5742,0.061251163
5743,0.38343894
5744,0.133739
5745,0.9732285
5746,0.041507006
5747,0.61501396
5748,0.827468
5749,0.27884275
5750,0.2358042
5751,0.93322086
5752,0.76106876
5753,0.3974536
5754,0.11319816
5755,0.95612514
5756,0.046198726
5757,0.9580777
5758,0.503354
5759,0.20531714
5760,0.039146125
5761,0.49547672
5762,0.056256354
5763,0.98570955
5764,0.76698864
5765,0.56066024
5766,0.87176263
5767,0.83565474
5768,0.6461822
5769,0.81300986
5770,0.7667651
5771,0.13090748
5772,0.38388228
5773,0.6707407
5774,0.40088803
5775,0.73940504
5776,0.07699269
5777,0.34573954
5778,0.18155652
5779,0.7719533
5780,0.49502802
5781,0.059761226
5782,0.594564
5783,0.5995542
5784,0.74017507
5785,0.35072726
5786,0.13424307
5787,0.2708816
5788,0.16164881
5789,0.43245065
5790,0.6358755
5791,0.05162418
5792,0.7088149
5793,0.35534304
5794,0.3994456
5795,0.9860694
5796,0.36435044
5797,0.5386876
5798,0.91973454
5799,0.48208392
5800,0.9842103
5801,0.88024443
5802,0.080978274
5803,0.025998175
5804,0.8604506
5805,0.98085636
5806,0.96024173
5807,0.81320864
5808,0.1838991
5809,0.55487156
5810,0.50982404
5811,0.35526168
5812,0.51665205
5813,0.21173632
5814,0.025136948
5815,0.56746304
5816,0.1457144
5817,0.9746291
5818,0.24032092
5819,0.11830199
5820,0.97443855
5821,0.8162435
5822,0.23681074
5823,0.01776123
5824,0.40273017
5825,0.96957093
5826,0.7313986
5827,0.4015721
5828,0.9877674
5829,0.73539007
5830,0.057547152
5831,0.4358061
5832,0.9759119
5833,0.29175538
5834,0.5576045
5835,0.81549233
5836,0.33326697
5837,0.82053924
5838,0.5093913
5839,0.95235133
5840,0.7572408
5841,0.051054597
5842,0.885935
5843,0.70917326
5844,0.8758502
5845,0.09079331
5846,0.38002747
5847,0.21316177
5848,0.92394346
5849,0.99176806
5850,0.01173681
5851,0.979717
5852,0.33999753
5853,0.39127094
5854,0.31676048
5855,0.29808998
5856,0.4159724
5857,0.2717347
5858,0.380831
5859,0.44370407
5860,0.033512414
5861,0.038896024
5862,0.5311739
5863,0.17994785
5864,0.031021893
5865,0.2332586
5866,0.6931528
5867,0.39202935
5868,0.021700501
5869,0.3773191
5870,0.051723957
5871,0.5375872
5872,0.30296105
5873,0.890723
5874,0.28040093
5875,0.9505943
5876,0.04748082
5877,0.93805295
5878,0.7678398
5879,0.14244044
5880,0.674609
5881,0.32639086
5882,0.9301959
5883,0.9757128
5884,0.037823617
5885,0.7799504
5886,0.38776594
5887,0.52625
5888,0.37315995
5889,0.68915206
5890,0.5667255
5891,0.90262276
5892,0.82811356
5893,0.053741097
5894,0.18934095
5895,0.89910126
5896,0.97709167
5897,0.036115706
5898,0.0255692
5899,0.48208392
5900,0.4516784
5901,0.9159816
5902,0.8024059
5903,0.9528396
5904,0.48360848
5905,0.23700947
5906,0.8525846
5907,0.24383384
5908,0.42279804
5909,0.55611944
5910,0.47404003
5911,0.15385455
5912,0.04815489
5913,0.72615474
5914,0.7630305
5915,0.08748263
5916,0.25765455
5917,0.93460995
5918,0.1024909
5919,0.9210689
5920,0.43866557
5921,0.20930487
5922,0.87685096
5923,0.33344072
5924,0.93742204
5925,0.10505432
5926,0.8497154
5927,0.22950685
5928,0.097397625
5929,0.96703297
5930,0.24947327
5931,0.8112363
5932,0.047291815
5933,0.41801018
5934,0.7232691
5935,0.5941026
5936,0.94863445
5937,0.9682917
5938,0.9863545
5939,0.45374417
5940,0.989967
5941,0.08812302
5942,0.5592052
5943,0.9816809
5944,0.890984
5945,0.37967134
5946,0.70589644
5947,0.57169926
5948,0.6612673
5949,0.4060238
5950,0.33188474
5951,0.5149438
5952,0.58082527
